-- MySQL dump 10.13  Distrib 5.7.31, for Linux (x86_64)
--
-- Host: localhost    Database: falcon_personalisation
-- ------------------------------------------------------
-- Server version	5.7.30-log

/*!40101 SET @OLD_CHARACTER_SET_CLIENT=@@CHARACTER_SET_CLIENT */;
/*!40101 SET @OLD_CHARACTER_SET_RESULTS=@@CHARACTER_SET_RESULTS */;
/*!40101 SET @OLD_COLLATION_CONNECTION=@@COLLATION_CONNECTION */;
/*!40101 SET NAMES utf8 */;
/*!40103 SET @OLD_TIME_ZONE=@@TIME_ZONE */;
/*!40103 SET TIME_ZONE='+00:00' */;
/*!40014 SET @OLD_UNIQUE_CHECKS=@@UNIQUE_CHECKS, UNIQUE_CHECKS=0 */;
/*!40014 SET @OLD_FOREIGN_KEY_CHECKS=@@FOREIGN_KEY_CHECKS, FOREIGN_KEY_CHECKS=0 */;
/*!40101 SET @OLD_SQL_MODE=@@SQL_MODE, SQL_MODE='NO_AUTO_VALUE_ON_ZERO' */;
/*!40111 SET @OLD_SQL_NOTES=@@SQL_NOTES, SQL_NOTES=0 */;

--
-- Table structure for table `categories`
--

DROP TABLE IF EXISTS `categories`;
/*!40101 SET @saved_cs_client     = @@character_set_client */;
/*!40101 SET character_set_client = utf8 */;
CREATE TABLE `categories` (
  `id` int(11) NOT NULL AUTO_INCREMENT,
  `category_title` varchar(200) DEFAULT NULL,
  `category_icon` varchar(500) DEFAULT NULL,
  `parent_category_id` int(11) DEFAULT '0',
  `item_count` int(11) DEFAULT '1',
  `category_order` int(11) DEFAULT '0',
  `usage_count` int(11) DEFAULT '0',
  `search_count` int(11) DEFAULT '0',
  `status` tinyint(1) DEFAULT '1',
  `created_at` datetime DEFAULT CURRENT_TIMESTAMP,
  `updated_at` datetime DEFAULT CURRENT_TIMESTAMP ON UPDATE CURRENT_TIMESTAMP,
  PRIMARY KEY (`id`)
) ENGINE=InnoDB AUTO_INCREMENT=58 DEFAULT CHARSET=utf8mb4;
/*!40101 SET character_set_client = @saved_cs_client */;

--
-- Dumping data for table `categories`
--

LOCK TABLES `categories` WRITE;
/*!40000 ALTER TABLE `categories` DISABLE KEYS */;
INSERT INTO `categories` VALUES (1,'Rakfoodie','https://revamp.rakbank.ae/wps/wcm/connect/4539427d-2433-4c80-b304-a4d62c72ff3f/RAKFOODIE+%28002%29.jpg?MOD=AJPERES&CACHEID=ROOTWORKSPACE-4539427d-2433-4c80-b304-a4d62c72ff3f-mQva6PY',0,1362,1,0,0,1,'2020-09-06 01:10:48','2020-11-10 18:22:15'),(2,'Health','https://revamp.rakbank.ae/wps/wcm/connect/2d8ab622-1d1d-4901-93f1-9b510f315185/Health-%26-Wellness.jpg?MOD=AJPERES&CACHEID=ROOTWORKSPACE-2d8ab622-1d1d-4901-93f1-9b510f315185-mQvadTL',0,217,2,0,0,1,'2020-09-06 01:10:48','2020-11-11 12:08:39'),(3,'Jewellery','https://revamp.rakbank.ae/wps/wcm/connect/3613ce41-c262-4ab6-9464-0d0b7b9e0477/Jewellery-%26-watches.jpg?MOD=AJPERES&CACHEID=ROOTWORKSPACE-3613ce41-c262-4ab6-9464-0d0b7b9e0477-mQvaIy-',0,60,6,0,0,1,'2020-09-06 01:10:48','2020-11-11 06:45:08'),(4,'Travel','https://revamp.rakbank.ae/wps/wcm/connect/d59d64cb-2789-4a21-8dfe-e169d1ef52e8/Travel-%26-Entertainment.jpg?MOD=AJPERES&CACHEID=ROOTWORKSPACE-d59d64cb-2789-4a21-8dfe-e169d1ef52e8-mQvaNpO',0,110,3,0,0,1,'2020-09-06 01:10:48','2020-11-11 06:45:07'),(5,'Shopping','https://revamp.rakbank.ae/wps/wcm/connect/1daa934d-25cc-4917-b97d-8e5c4e3acbb4/Shopping.jpg?MOD=AJPERES&CACHEID=ROOTWORKSPACE-1daa934d-25cc-4917-b97d-8e5c4e3acbb4-mQvaS-K',0,400,4,0,0,1,'2020-09-06 01:10:48','2020-11-10 18:28:12'),(6,'Services','https://revamp.rakbank.ae/wps/wcm/connect/267f70da-7315-4b9c-8bf4-3de9529563b7/SERVICES.jpg?MOD=AJPERES&CACHEID=ROOTWORKSPACE-267f70da-7315-4b9c-8bf4-3de9529563b7-mQvaX..',0,197,5,0,0,1,'2020-09-06 01:10:48','2020-11-10 18:26:21'),(7,'All Card','https://revamp.rakbank.ae/wps/wcm/connect/1851844b-1210-467a-9b5d-f0944550f5b3/OFFERS2.jpg?MOD=AJPERES&CACHEID=ROOTWORKSPACE-1851844b-1210-467a-9b5d-f0944550f5b3-mQvb0kE',0,0,7,0,0,1,'2020-09-06 01:10:48','2020-11-10 10:43:24'),(8,'Chinese, Japanese or Thai','https://revamp.rakbank.ae/wps/wcm/connect/4539427d-2433-4c80-b304-a4d62c72ff3f/RAKFOODIE+%28002%29.jpg?MOD=AJPERES&CACHEID=ROOTWORKSPACE-4539427d-2433-4c80-b304-a4d62c72ff3f-mQva6PY',1,76,0,0,0,1,'2020-09-06 01:10:48','2020-11-10 10:00:10'),(9,'Indian','https://revamp.rakbank.ae/wps/wcm/connect/4539427d-2433-4c80-b304-a4d62c72ff3f/RAKFOODIE+%28002%29.jpg?MOD=AJPERES&CACHEID=ROOTWORKSPACE-4539427d-2433-4c80-b304-a4d62c72ff3f-mQva6PY',1,96,0,11,11,1,'2020-09-06 01:10:48','2020-11-10 10:03:17'),(10,'Meal Subscription','https://revamp.rakbank.ae/wps/wcm/connect/4539427d-2433-4c80-b304-a4d62c72ff3f/RAKFOODIE+%28002%29.jpg?MOD=AJPERES&CACHEID=ROOTWORKSPACE-4539427d-2433-4c80-b304-a4d62c72ff3f-mQva6PY',1,5,0,0,0,1,'2020-09-06 01:10:48','2020-11-10 06:59:56'),(11,'International','https://revamp.rakbank.ae/wps/wcm/connect/4539427d-2433-4c80-b304-a4d62c72ff3f/RAKFOODIE+%28002%29.jpg?MOD=AJPERES&CACHEID=ROOTWORKSPACE-4539427d-2433-4c80-b304-a4d62c72ff3f-mQva6PY',1,180,0,0,0,1,'2020-09-06 01:10:48','2020-11-10 06:59:57'),(12,'Cafe','https://revamp.rakbank.ae/wps/wcm/connect/4539427d-2433-4c80-b304-a4d62c72ff3f/RAKFOODIE+%28002%29.jpg?MOD=AJPERES&CACHEID=ROOTWORKSPACE-4539427d-2433-4c80-b304-a4d62c72ff3f-mQva6PY',1,240,0,0,0,1,'2020-09-06 01:10:48','2020-11-10 10:25:50'),(13,'Arabic','https://revamp.rakbank.ae/wps/wcm/connect/4539427d-2433-4c80-b304-a4d62c72ff3f/RAKFOODIE+%28002%29.jpg?MOD=AJPERES&CACHEID=ROOTWORKSPACE-4539427d-2433-4c80-b304-a4d62c72ff3f-mQva6PY',1,107,0,0,0,1,'2020-09-06 01:10:48','2020-11-10 06:59:56'),(14,'Lounge','https://revamp.rakbank.ae/wps/wcm/connect/4539427d-2433-4c80-b304-a4d62c72ff3f/RAKFOODIE+%28002%29.jpg?MOD=AJPERES&CACHEID=ROOTWORKSPACE-4539427d-2433-4c80-b304-a4d62c72ff3f-mQva6PY',1,248,0,0,0,1,'2020-09-06 01:10:48','2020-11-10 06:59:57'),(15,'Food Delivery','https://revamp.rakbank.ae/wps/wcm/connect/4539427d-2433-4c80-b304-a4d62c72ff3f/RAKFOODIE+%28002%29.jpg?MOD=AJPERES&CACHEID=ROOTWORKSPACE-4539427d-2433-4c80-b304-a4d62c72ff3f-mQva6PY',1,30,0,0,0,1,'2020-09-06 01:10:48','2020-11-10 07:31:07'),(16,'Desserts','https://revamp.rakbank.ae/wps/wcm/connect/4539427d-2433-4c80-b304-a4d62c72ff3f/RAKFOODIE+%28002%29.jpg?MOD=AJPERES&CACHEID=ROOTWORKSPACE-4539427d-2433-4c80-b304-a4d62c72ff3f-mQva6PY',1,14,0,0,0,1,'2020-09-06 01:10:48','2020-11-10 06:59:57'),(17,'Italian','https://revamp.rakbank.ae/wps/wcm/connect/4539427d-2433-4c80-b304-a4d62c72ff3f/RAKFOODIE+%28002%29.jpg?MOD=AJPERES&CACHEID=ROOTWORKSPACE-4539427d-2433-4c80-b304-a4d62c72ff3f-mQva6PY',1,213,0,0,0,1,'2020-09-06 01:10:48','2020-11-10 09:58:55'),(18,'Other Cuisine','https://revamp.rakbank.ae/wps/wcm/connect/4539427d-2433-4c80-b304-a4d62c72ff3f/RAKFOODIE+%28002%29.jpg?MOD=AJPERES&CACHEID=ROOTWORKSPACE-4539427d-2433-4c80-b304-a4d62c72ff3f-mQva6PY',1,96,0,0,0,1,'2020-09-06 01:10:48','2020-11-10 07:27:20'),(19,'Seafood','https://revamp.rakbank.ae/wps/wcm/connect/4539427d-2433-4c80-b304-a4d62c72ff3f/RAKFOODIE+%28002%29.jpg?MOD=AJPERES&CACHEID=ROOTWORKSPACE-4539427d-2433-4c80-b304-a4d62c72ff3f-mQva6PY',1,29,0,0,0,1,'2020-09-06 01:10:48','2020-11-10 06:59:58'),(20,'Best Foodie Fridays','https://revamp.rakbank.ae/wps/wcm/connect/4539427d-2433-4c80-b304-a4d62c72ff3f/RAKFOODIE+%28002%29.jpg?MOD=AJPERES&CACHEID=ROOTWORKSPACE-4539427d-2433-4c80-b304-a4d62c72ff3f-mQva6PY',1,12,0,0,0,1,'2020-09-06 01:10:48','2020-11-10 06:59:57'),(21,'Pakistani','https://revamp.rakbank.ae/wps/wcm/connect/4539427d-2433-4c80-b304-a4d62c72ff3f/RAKFOODIE+%28002%29.jpg?MOD=AJPERES&CACHEID=ROOTWORKSPACE-4539427d-2433-4c80-b304-a4d62c72ff3f-mQva6PY',1,1,0,0,0,1,'2020-09-06 01:10:48','2020-11-10 06:59:58'),(22,'European','https://revamp.rakbank.ae/wps/wcm/connect/4539427d-2433-4c80-b304-a4d62c72ff3f/RAKFOODIE+%28002%29.jpg?MOD=AJPERES&CACHEID=ROOTWORKSPACE-4539427d-2433-4c80-b304-a4d62c72ff3f-mQva6PY',1,2,0,0,0,1,'2020-09-06 01:10:48','2020-11-10 06:59:57'),(23,'Dentistry','https://revamp.rakbank.ae/wps/wcm/connect/2d8ab622-1d1d-4901-93f1-9b510f315185/Health-%26-Wellness.jpg?MOD=AJPERES&CACHEID=ROOTWORKSPACE-2d8ab622-1d1d-4901-93f1-9b510f315185-mQvadTL',2,28,0,0,0,1,'2020-09-06 01:10:49','2020-11-10 08:05:04'),(24,'Hospitals & Clinics','https://revamp.rakbank.ae/wps/wcm/connect/2d8ab622-1d1d-4901-93f1-9b510f315185/Health-%26-Wellness.jpg?MOD=AJPERES&CACHEID=ROOTWORKSPACE-2d8ab622-1d1d-4901-93f1-9b510f315185-mQvadTL',2,22,0,0,0,1,'2020-09-06 01:10:49','2020-11-10 10:52:13'),(25,'Rejuvenation','https://revamp.rakbank.ae/wps/wcm/connect/2d8ab622-1d1d-4901-93f1-9b510f315185/Health-%26-Wellness.jpg?MOD=AJPERES&CACHEID=ROOTWORKSPACE-2d8ab622-1d1d-4901-93f1-9b510f315185-mQvadTL',2,15,0,0,0,1,'2020-09-06 01:10:49','2020-11-10 06:59:58'),(26,'Fitness Club','https://revamp.rakbank.ae/wps/wcm/connect/2d8ab622-1d1d-4901-93f1-9b510f315185/Health-%26-Wellness.jpg?MOD=AJPERES&CACHEID=ROOTWORKSPACE-2d8ab622-1d1d-4901-93f1-9b510f315185-mQvadTL',2,98,0,0,0,1,'2020-09-06 01:10:49','2020-11-10 06:59:57'),(27,'Aesthetics','https://revamp.rakbank.ae/wps/wcm/connect/2d8ab622-1d1d-4901-93f1-9b510f315185/Health-%26-Wellness.jpg?MOD=AJPERES&CACHEID=ROOTWORKSPACE-2d8ab622-1d1d-4901-93f1-9b510f315185-mQvadTL',2,40,0,0,0,1,'2020-09-06 01:10:49','2020-11-11 12:09:11'),(28,'Beauty Salons','https://revamp.rakbank.ae/wps/wcm/connect/2d8ab622-1d1d-4901-93f1-9b510f315185/Health-%26-Wellness.jpg?MOD=AJPERES&CACHEID=ROOTWORKSPACE-2d8ab622-1d1d-4901-93f1-9b510f315185-mQvadTL',2,7,0,0,0,1,'2020-09-06 01:10:49','2020-11-10 06:59:58'),(29,'Getaways','https://revamp.rakbank.ae/wps/wcm/connect/d59d64cb-2789-4a21-8dfe-e169d1ef52e8/Travel-%26-Entertainment.jpg?MOD=AJPERES&CACHEID=ROOTWORKSPACE-d59d64cb-2789-4a21-8dfe-e169d1ef52e8-mQvaNpO',4,41,0,0,0,1,'2020-09-06 01:10:49','2020-11-10 06:59:57'),(49,'Jewellery','https://revamp.rakbank.ae/wps/wcm/connect/2d8ab622-1d1d-4901-93f1-9b510f315185/Health-%26-Wellness.jpg?MOD=AJPERES&CACHEID=ROOTWORKSPACE-2d8ab622-1d1d-4901-93f1-9b510f315185-mQvadTL',NULL,60,0,0,0,1,'2020-11-10 18:25:01','2020-11-11 06:41:42');
/*!40000 ALTER TABLE `categories` ENABLE KEYS */;
UNLOCK TABLES;

--
-- Table structure for table `category`
--

DROP TABLE IF EXISTS `category`;
/*!40101 SET @saved_cs_client     = @@character_set_client */;
/*!40101 SET character_set_client = utf8 */;
CREATE TABLE `category` (
  `id` int(11) NOT NULL AUTO_INCREMENT,
  `title` varchar(200) NOT NULL,
  `subtitle` varchar(200) DEFAULT NULL,
  `image_url` varchar(500) DEFAULT NULL,
  `icon_url` varchar(500) DEFAULT NULL,
  `usage_count` int(5) DEFAULT '0',
  `order` tinyint(3) DEFAULT NULL,
  `status` tinyint(1) DEFAULT '1',
  `created_at` datetime DEFAULT CURRENT_TIMESTAMP,
  `updated_at` datetime DEFAULT CURRENT_TIMESTAMP ON UPDATE CURRENT_TIMESTAMP,
  PRIMARY KEY (`id`)
) ENGINE=InnoDB AUTO_INCREMENT=15 DEFAULT CHARSET=utf8;
/*!40101 SET character_set_client = @saved_cs_client */;

--
-- Dumping data for table `category`
--

LOCK TABLES `category` WRITE;
/*!40000 ALTER TABLE `category` DISABLE KEYS */;
INSERT INTO `category` VALUES (1,'Tours',NULL,NULL,NULL,0,1,1,'2020-10-03 09:36:44','2020-10-03 09:36:44'),(2,'Events',NULL,NULL,NULL,0,2,1,'2020-10-03 09:36:44','2020-10-03 09:36:44'),(3,'Attractions',NULL,NULL,NULL,0,3,1,'2020-10-03 09:36:45','2020-10-03 09:36:45'),(4,'Arts and Culture',NULL,NULL,NULL,0,4,1,'2020-10-03 09:36:45','2020-10-03 09:36:45'),(5,'Dining and Delivery',NULL,NULL,NULL,0,5,1,'2020-10-03 09:36:45','2020-10-03 09:36:45'),(6,'Activities',NULL,NULL,NULL,0,6,1,'2020-10-03 09:36:45','2020-10-03 09:36:45'),(7,'Gateways',NULL,NULL,NULL,0,7,1,'2020-10-03 09:36:45','2020-10-03 09:36:45'),(8,'Entertainment',NULL,NULL,NULL,0,8,1,'2020-10-03 09:36:45','2020-10-03 09:36:45'),(9,'Digital Experiences',NULL,NULL,NULL,0,9,1,'2020-10-03 09:36:45','2020-10-03 09:36:45'),(10,'Shopping',NULL,NULL,NULL,0,10,1,'2020-10-03 09:36:45','2020-10-03 09:36:45'),(11,'Health and Wellness',NULL,NULL,NULL,0,11,1,'2020-10-03 09:36:45','2020-10-03 09:36:45'),(12,'Salons and Spas',NULL,NULL,NULL,0,12,1,'2020-10-03 09:36:45','2020-10-03 09:36:45'),(13,'Sports',NULL,NULL,NULL,0,13,1,'2020-10-03 09:36:46','2020-10-03 09:36:46'),(14,'Culinary Experiences',NULL,NULL,NULL,0,14,1,'2020-10-03 09:36:46','2020-10-03 09:36:46');
/*!40000 ALTER TABLE `category` ENABLE KEYS */;
UNLOCK TABLES;

--
-- Table structure for table `cta_button`
--

DROP TABLE IF EXISTS `cta_button`;
/*!40101 SET @saved_cs_client     = @@character_set_client */;
/*!40101 SET character_set_client = utf8 */;
CREATE TABLE `cta_button` (
  `id` int(11) NOT NULL,
  `error_id` int(11) DEFAULT NULL,
  `cta_text` varchar(100) DEFAULT NULL,
  `button_order` int(11) DEFAULT NULL,
  `disabled` tinyint(4) DEFAULT NULL,
  `flex` int(11) DEFAULT NULL,
  `button_type` varchar(100) DEFAULT NULL,
  `action_close_overlay` tinyint(4) DEFAULT NULL,
  `action_open_deep_link` varchar(100) DEFAULT NULL,
  `action_toast` varchar(100) DEFAULT NULL,
  `action_snackbar` varchar(100) DEFAULT NULL,
  `action_auto_close_overlay` bigint(20) DEFAULT NULL,
  `retry_api_call` varchar(10) DEFAULT NULL,
  `status` tinyint(1) DEFAULT NULL,
  `created_at` datetime DEFAULT CURRENT_TIMESTAMP,
  `updated_at` datetime DEFAULT CURRENT_TIMESTAMP ON UPDATE CURRENT_TIMESTAMP,
  PRIMARY KEY (`id`)
) ENGINE=InnoDB DEFAULT CHARSET=utf8mb4;
/*!40101 SET character_set_client = @saved_cs_client */;

--
-- Dumping data for table `cta_button`
--

LOCK TABLES `cta_button` WRITE;
/*!40000 ALTER TABLE `cta_button` DISABLE KEYS */;
/*!40000 ALTER TABLE `cta_button` ENABLE KEYS */;
UNLOCK TABLES;

--
-- Table structure for table `error_handling_details`
--

DROP TABLE IF EXISTS `error_handling_details`;
/*!40101 SET @saved_cs_client     = @@character_set_client */;
/*!40101 SET character_set_client = utf8 */;
CREATE TABLE `error_handling_details` (
  `id` bigint(20) NOT NULL AUTO_INCREMENT,
  `error_type` varchar(45) DEFAULT NULL,
  `toast_snack_duration` bigint(20) DEFAULT NULL,
  `title` varchar(500) DEFAULT NULL,
  `description` varchar(500) DEFAULT NULL,
  `overlay_height` int(3) DEFAULT NULL,
  `overlay_image_url` varchar(200) DEFAULT NULL,
  `overlay_fixed` tinyint(4) DEFAULT NULL,
  `extra_info` varchar(200) DEFAULT NULL,
  `status` tinyint(1) DEFAULT NULL,
  `created_at` datetime DEFAULT CURRENT_TIMESTAMP,
  `updated_at` datetime DEFAULT CURRENT_TIMESTAMP ON UPDATE CURRENT_TIMESTAMP,
  PRIMARY KEY (`id`)
) ENGINE=InnoDB AUTO_INCREMENT=8 DEFAULT CHARSET=utf8mb4;
/*!40101 SET character_set_client = @saved_cs_client */;

--
-- Dumping data for table `error_handling_details`
--

LOCK TABLES `error_handling_details` WRITE;
/*!40000 ALTER TABLE `error_handling_details` DISABLE KEYS */;
INSERT INTO `error_handling_details` VALUES (1,'TOAST_ERROR',20,'Location Not Found','Looks like the location details are not correct',NULL,NULL,0,'2020-09-10 13:24:38',1,'2020-09-10 13:24:38','2020-09-10 13:24:38'),(2,'POP_UP_ERROR',NULL,'Something went wrong','We encountered a problem somewhere.',NULL,NULL,0,'2020-09-10 13:24:38',1,'2020-09-10 13:24:38','2020-09-10 13:24:38'),(3,'SNACK_BAR_ERROR',20,'City Not Supported','Current City is not supported',NULL,NULL,0,'2020-09-10 13:24:38',1,'2020-09-10 13:24:38','2020-09-10 13:24:38'),(4,'INLINE_ERROR_LIST',NULL,'Location Not Found','No locations found for the given location',NULL,NULL,0,'2020-09-10 13:24:38',1,'2020-09-10 13:24:38','2020-09-10 13:24:38'),(5,'BOTTOM_OVERLAY_ERROR',NULL,'Items Not Found','No items found for this location',3,'image',1,'2020-09-10 13:24:38',1,'2020-09-10 13:24:38','2020-09-10 13:25:20'),(6,'POP_UP_ERROR',NULL,'Country Not Supported','Current country is not supported',NULL,NULL,0,'2020-09-10 13:24:38',1,'2020-09-10 13:24:38','2020-09-10 13:24:38'),(7,'POP_UP_ERROR',NULL,'Favourite Items Not Found','No Favourite Items found',NULL,NULL,0,'2020-09-10 13:24:38',1,'2020-09-10 13:24:38','2020-09-10 13:25:20');
/*!40000 ALTER TABLE `error_handling_details` ENABLE KEYS */;
UNLOCK TABLES;

--
-- Table structure for table `inline_error`
--

DROP TABLE IF EXISTS `inline_error`;
/*!40101 SET @saved_cs_client     = @@character_set_client */;
/*!40101 SET character_set_client = utf8 */;
CREATE TABLE `inline_error` (
  `id` int(11) NOT NULL,
  `error_id` int(11) DEFAULT NULL,
  `error_text` varchar(100) DEFAULT NULL,
  `animated` tinyint(4) DEFAULT NULL,
  `field_index` int(11) DEFAULT NULL,
  `status` tinyint(1) DEFAULT NULL,
  `created_at` datetime DEFAULT CURRENT_TIMESTAMP,
  `updated_at` datetime DEFAULT CURRENT_TIMESTAMP ON UPDATE CURRENT_TIMESTAMP,
  PRIMARY KEY (`id`)
) ENGINE=InnoDB DEFAULT CHARSET=utf8mb4;
/*!40101 SET character_set_client = @saved_cs_client */;

--
-- Dumping data for table `inline_error`
--

LOCK TABLES `inline_error` WRITE;
/*!40000 ALTER TABLE `inline_error` DISABLE KEYS */;
/*!40000 ALTER TABLE `inline_error` ENABLE KEYS */;
UNLOCK TABLES;

--
-- Table structure for table `item`
--

DROP TABLE IF EXISTS `item`;
/*!40101 SET @saved_cs_client     = @@character_set_client */;
/*!40101 SET character_set_client = utf8 */;
CREATE TABLE `item` (
  `id` int(11) NOT NULL AUTO_INCREMENT,
  `item_type` enum('OFFER','HOTEL','EVENT','OFFER_SUBSTITUTE','HOTEL_SUBSTITUTE','EVENT_SUBSTITUTE') DEFAULT 'OFFER',
  `order_val` tinyint(3) NOT NULL,
  `display_name` varchar(100) NOT NULL,
  `substitute_name` varchar(100) DEFAULT NULL,
  `image_url` varchar(500) DEFAULT NULL,
  `icon_url` varchar(500) DEFAULT NULL,
  `deeplink` varchar(500) DEFAULT NULL,
  `status` tinyint(3) DEFAULT '1',
  `created_at` datetime DEFAULT CURRENT_TIMESTAMP,
  `updated_at` datetime DEFAULT CURRENT_TIMESTAMP ON UPDATE CURRENT_TIMESTAMP,
  PRIMARY KEY (`id`)
) ENGINE=InnoDB AUTO_INCREMENT=5 DEFAULT CHARSET=utf8;
/*!40101 SET character_set_client = @saved_cs_client */;

--
-- Dumping data for table `item`
--

LOCK TABLES `item` WRITE;
/*!40000 ALTER TABLE `item` DISABLE KEYS */;
INSERT INTO `item` VALUES (1,'OFFER',1,'Offers',NULL,'https://nucleistorage.blob.core.windows.net/public-images/falcon-images/OFFER_BACKGROUND.svg','https://nucleistorage.blob.core.windows.net/public-images/falcon-images/OFFER_ICON.svg','falcon://falcon/rakbank_Falcon_offers_offers-landing-screen',1,'2020-09-06 02:25:37','2020-10-23 11:37:48'),(2,'HOTEL',3,'Hotels',NULL,'https://nucleistorage.blob.core.windows.net/public-images/falcon-images/HOTEL_BACKGROUND.svg',NULL,NULL,0,'2020-09-06 02:25:37','2020-11-05 05:34:06'),(3,'EVENT',4,'Events',NULL,'https://nucleistorage.blob.core.windows.net/public-images/falcon-images/EVENTS_BACKGROUND.svg',NULL,NULL,0,'2020-09-06 02:25:37','2020-11-05 05:34:06'),(4,'OFFER_SUBSTITUTE',2,'Card Benefits','CARD_OFFERS','https://nucleistorage.blob.core.windows.net/public-images/falcon-images/CARD_BENEFITS_BACKGROUND.svg','https://nucleistorage.blob.core.windows.net/public-images/falcon-images/CARD_BENEFITS_ICON.svg','falcon://falcon/rakbank_Falcon_offers_offer-listing-screen?sectionIdentifier=CARD_BENEFITS&sectionType=OFFER',1,'2020-09-06 02:25:37','2020-10-23 11:37:48');
/*!40000 ALTER TABLE `item` ENABLE KEYS */;
UNLOCK TABLES;

--
-- Table structure for table `personalisation_config`
--

DROP TABLE IF EXISTS `personalisation_config`;
/*!40101 SET @saved_cs_client     = @@character_set_client */;
/*!40101 SET character_set_client = utf8 */;
CREATE TABLE `personalisation_config` (
  `id` int(11) NOT NULL AUTO_INCREMENT,
  `config_name` varchar(200) NOT NULL,
  `config_value` mediumtext NOT NULL,
  `status` tinyint(1) DEFAULT '0',
  `created_at` datetime DEFAULT CURRENT_TIMESTAMP,
  `updated_at` datetime DEFAULT CURRENT_TIMESTAMP ON UPDATE CURRENT_TIMESTAMP,
  PRIMARY KEY (`id`)
) ENGINE=InnoDB AUTO_INCREMENT=3 DEFAULT CHARSET=utf8mb4;
/*!40101 SET character_set_client = @saved_cs_client */;

--
-- Dumping data for table `personalisation_config`
--

LOCK TABLES `personalisation_config` WRITE;
/*!40000 ALTER TABLE `personalisation_config` DISABLE KEYS */;
INSERT INTO `personalisation_config` VALUES (1,'DEFAULT_CITY','Dubai',1,'2020-08-31 11:26:12','2020-08-31 11:26:12'),(2,'DEFAULT_COUNTRY','United Arab Emirates',1,'2020-08-31 11:26:12','2020-08-31 11:26:12');
/*!40000 ALTER TABLE `personalisation_config` ENABLE KEYS */;
UNLOCK TABLES;

--
-- Table structure for table `personalisation_metadata`
--

DROP TABLE IF EXISTS `personalisation_metadata`;
/*!40101 SET @saved_cs_client     = @@character_set_client */;
/*!40101 SET character_set_client = utf8 */;
CREATE TABLE `personalisation_metadata` (
  `id` int(11) NOT NULL AUTO_INCREMENT,
  `total_items` int(11) DEFAULT '0',
  `total_categories` int(11) DEFAULT NULL,
  `total_subcategories` int(11) DEFAULT NULL,
  `created_at` datetime DEFAULT CURRENT_TIMESTAMP,
  `updated_at` datetime DEFAULT CURRENT_TIMESTAMP ON UPDATE CURRENT_TIMESTAMP,
  PRIMARY KEY (`id`)
) ENGINE=InnoDB AUTO_INCREMENT=2 DEFAULT CHARSET=utf8;
/*!40101 SET character_set_client = @saved_cs_client */;

--
-- Dumping data for table `personalisation_metadata`
--

LOCK TABLES `personalisation_metadata` WRITE;
/*!40000 ALTER TABLE `personalisation_metadata` DISABLE KEYS */;
INSERT INTO `personalisation_metadata` VALUES (1,4237,8,23,'2020-10-23 08:08:19','2020-11-11 06:38:38');
/*!40000 ALTER TABLE `personalisation_metadata` ENABLE KEYS */;
UNLOCK TABLES;

--
-- Table structure for table `sections`
--

DROP TABLE IF EXISTS `sections`;
/*!40101 SET @saved_cs_client     = @@character_set_client */;
/*!40101 SET character_set_client = utf8 */;
CREATE TABLE `sections` (
  `id` int(11) NOT NULL AUTO_INCREMENT,
  `item_type` varchar(45) NOT NULL DEFAULT 'MIX',
  `section_name` varchar(50) NOT NULL,
  `display_name` varchar(200) DEFAULT NULL,
  `section_type` enum('ITEM','CITY','AREA','CATEGORY','SUB_CATEGORY','SUPPLIER') NOT NULL DEFAULT 'ITEM',
  `list_view_type` varchar(100) NOT NULL DEFAULT 'VERTICAL',
  `view_type` varchar(100) NOT NULL DEFAULT 'CARD',
  `rule` mediumtext,
  `user_based` tinyint(1) DEFAULT '0',
  `size` int(11) DEFAULT '30',
  `sort_options` varchar(10) DEFAULT NULL,
  `usage_count` int(11) DEFAULT '0',
  `show_expiry_text` tinyint(1) DEFAULT '0',
  `add_in_listing` tinyint(1) DEFAULT '0',
  `order_val` int(11) DEFAULT '0',
  `status` tinyint(1) DEFAULT NULL,
  `created_at` datetime DEFAULT CURRENT_TIMESTAMP,
  `updated_at` datetime DEFAULT CURRENT_TIMESTAMP ON UPDATE CURRENT_TIMESTAMP,
  PRIMARY KEY (`id`,`section_name`)
) ENGINE=InnoDB AUTO_INCREMENT=6 DEFAULT CHARSET=utf8mb4;
/*!40101 SET character_set_client = @saved_cs_client */;

--
-- Dumping data for table `sections`
--

LOCK TABLES `sections` WRITE;
/*!40000 ALTER TABLE `sections` DISABLE KEYS */;
INSERT INTO `sections` VALUES (1,'MIX','RECOMMENDED','Handpicked For you','ITEM','HORIZONTAL','CARD','{   \"basedOnLocation\": {     \"locationType\": \"CITY\"   },   \"basedOnUserPref\": true }',1,100,'3,0',0,0,1,1,1,'2020-09-02 12:10:57','2020-11-09 07:49:20'),(2,'CITTIES','CITIES','Explore by City','CITY','HORIZONTAL','CARD',NULL,0,30,NULL,0,0,1,3,1,'2020-09-02 12:11:28','2020-11-09 07:49:20'),(5,'MIX','POPULAR_OFFERS','Popular Offers','ITEM','HORIZONTAL','CARD','{\n  \"popularity\": {\n    \"type\": \"POPULARITY_COUNT\"\n  },\n  \"basedOnLocation\": {\n    \"locationType\": \"CITY\"\n  }\n}',0,30,'4,0',0,0,0,2,1,'2020-11-09 07:47:40','2020-11-09 08:21:39');
/*!40000 ALTER TABLE `sections` ENABLE KEYS */;
UNLOCK TABLES;

--
-- Table structure for table `supported_countries`
--

DROP TABLE IF EXISTS `supported_countries`;
/*!40101 SET @saved_cs_client     = @@character_set_client */;
/*!40101 SET character_set_client = utf8 */;
CREATE TABLE `supported_countries` (
  `id` bigint(20) NOT NULL AUTO_INCREMENT,
  `name` varchar(200) NOT NULL,
  `country_id` bigint(20) NOT NULL,
  `default_city` varchar(200) NOT NULL,
  `status` tinyint(3) DEFAULT '1',
  `created_at` datetime DEFAULT CURRENT_TIMESTAMP,
  `updated_at` datetime DEFAULT CURRENT_TIMESTAMP ON UPDATE CURRENT_TIMESTAMP,
  PRIMARY KEY (`id`)
) ENGINE=InnoDB AUTO_INCREMENT=2 DEFAULT CHARSET=utf8;
/*!40101 SET character_set_client = @saved_cs_client */;

--
-- Dumping data for table `supported_countries`
--

LOCK TABLES `supported_countries` WRITE;
/*!40000 ALTER TABLE `supported_countries` DISABLE KEYS */;
INSERT INTO `supported_countries` VALUES (1,'United Arab Emirates',242,'Dubai',1,'2020-08-31 11:25:32','2020-08-31 11:25:32');
/*!40000 ALTER TABLE `supported_countries` ENABLE KEYS */;
UNLOCK TABLES;

--
-- Table structure for table `user_behaviour`
--

DROP TABLE IF EXISTS `user_behaviour`;
/*!40101 SET @saved_cs_client     = @@character_set_client */;
/*!40101 SET character_set_client = utf8 */;
CREATE TABLE `user_behaviour` (
  `id` int(11) NOT NULL AUTO_INCREMENT,
  `user_id` varchar(200) NOT NULL,
  `item_id` varchar(200) NOT NULL,
  `item_type` varchar(100) DEFAULT 'OFFER',
  `search_count` int(11) NOT NULL DEFAULT '0',
  `view_count` int(11) NOT NULL DEFAULT '0',
  `like_status` tinyint(1) DEFAULT '0',
  `not_for_me_status` tinyint(1) DEFAULT '0',
  `bookmark_status` tinyint(1) DEFAULT '0',
  `use_count` int(11) NOT NULL DEFAULT '0',
  `share_count` int(11) NOT NULL DEFAULT '0',
  `expiry_status` tinyint(1) DEFAULT '0',
  `city_name` varchar(200) NOT NULL,
  `country_name` varchar(200) NOT NULL,
  `status` tinyint(1) DEFAULT '1',
  `created_at` datetime DEFAULT CURRENT_TIMESTAMP,
  `updated_at` datetime DEFAULT CURRENT_TIMESTAMP ON UPDATE CURRENT_TIMESTAMP,
  PRIMARY KEY (`id`,`user_id`,`item_id`)
) ENGINE=InnoDB AUTO_INCREMENT=395 DEFAULT CHARSET=utf8mb4;
/*!40101 SET character_set_client = @saved_cs_client */;

--
-- Dumping data for table `user_behaviour`
--

LOCK TABLES `user_behaviour` WRITE;
/*!40000 ALTER TABLE `user_behaviour` DISABLE KEYS */;
INSERT INTO `user_behaviour` VALUES (1,'Jr2QvPoGDxM3vJRzecBI','da6631ce-86dd-461f-a189-cacaeb9bcb38','OFFER',0,0,1,0,0,1,0,0,'Dubai','United Arab Emirates',1,'2020-08-23 09:47:39','2020-09-04 11:54:27'),(2,'Jr2QvPoGDxM3vJRzecBI','da6631ce-86dd-461f-a189-cacaeb9bcb38','OFFER',0,0,1,0,0,1,0,0,'Dubai','United Arab Emirates',1,'2020-08-23 09:47:39','2020-09-04 11:54:27'),(3,'Jr2QvPoGDxM3vJRzecBI','39a4b491-42de-46e6-89b3-3464262205f3','OFFER',3,3,0,0,0,4,0,0,'Dubai','United Arab Emirates',1,'2020-08-23 09:48:08','2020-09-04 06:58:24'),(4,'2','1','OFFER',0,0,0,0,0,2,0,0,'Dubai','United Arab Emirates',1,'2020-08-23 09:48:52','2020-08-23 09:48:52'),(5,'2','2','OFFER',0,0,0,0,0,5,0,0,'Dubai','United Arab Emirates',1,'2020-08-23 09:48:52','2020-08-23 09:48:52'),(6,'1234','112233','OFFER',0,0,1,0,0,0,0,0,'Dubai','United Arab Emirates',1,'2020-08-24 04:35:20','2020-08-24 04:35:20'),(7,'Jr2QvPoGDxM3vJRzecBI','14defaee-9f07-4d70-9e2c-acf6e34028c7','OFFER',7,7,0,0,0,0,0,0,'Dubai','United Arab Emirates',1,'2020-08-31 02:03:53','2020-09-04 11:54:27'),(8,'Jr2QvPoGDxM3vJRzecBI','cd13d2bd-3be1-4062-8b1a-fabecf2fa7e3','OFFER',0,0,1,0,0,0,0,0,'Dubai','United Arab Emirates',1,'2020-08-31 02:12:11','2020-09-04 11:54:27'),(9,'ullas.cl@gonuclei.com','4decf84c-3388-40c4-8983-fe8a35bb1b70','OFFER',0,0,1,0,0,0,0,0,'Dubai','United Arab Emirates',1,'2020-09-03 11:58:31','2020-09-03 15:26:33'),(10,'ullas.cl@gonuclei.com','cd13d2bd-3be1-4062-8b1a-fabecf2fa7e3','OFFER',0,0,0,0,0,0,0,0,'Dubai','United Arab Emirates',1,'2020-09-03 12:43:09','2020-09-03 12:43:09'),(11,'ullas.cl@gonuclei.com','14defaee-9f07-4d70-9e2c-acf6e34028c7','OFFER',0,0,0,0,0,0,0,0,'Dubai','United Arab Emirates',1,'2020-09-03 14:05:53','2020-09-03 14:05:53'),(12,'Jr2QvPoGDxM3vJRzecBI','112233','OFFER',0,0,1,0,0,0,0,0,'Dubai','United Arab Emirates',1,'2020-09-04 06:41:10','2020-09-04 06:41:10'),(13,'bo6wosSYYQlbJOlD1hzI','112233','OFFER',0,0,1,0,0,0,0,0,'Dubai','United Arab Emirates',1,'2020-09-07 04:33:53','2020-09-07 04:33:53'),(14,'bo6wosSYYQlbJOlD1hzI','39a4b491-42de-46e6-89b3-3464262205f3','OFFER',12,12,0,0,0,0,0,0,'Dubai','United Arab Emirates',1,'2020-09-07 04:33:53','2020-09-10 04:42:36'),(15,'bo6wosSYYQlbJOlD1hzI','4decf84c-3388-40c4-8983-fe8a35bb1b70','OFFER',0,0,0,0,0,0,0,0,'Dubai','United Arab Emirates',1,'2020-09-08 08:28:38','2020-09-10 19:18:59'),(16,'bo6wosSYYQlbJOlD1hzI','fb3deff8-78dc-431c-be85-368254e577f5','OFFER',0,0,1,0,1,0,0,0,'Dubai','United Arab Emirates',1,'2020-09-08 08:29:49','2020-09-15 09:07:18'),(17,'bo6wosSYYQlbJOlD1hzI','23f86915-e95e-42e0-9e6f-c317ea1a753e','OFFER',0,0,1,0,1,0,0,0,'Dubai','United Arab Emirates',1,'2020-09-08 08:29:55','2020-09-15 09:07:18'),(18,'bo6wosSYYQlbJOlD1hzI','40bc384f-174e-4158-bc97-b15ef469ffb5','OFFER',0,0,0,0,1,0,0,0,'Dubai','United Arab Emirates',1,'2020-09-08 08:29:59','2020-09-15 09:07:18'),(19,'bo6wosSYYQlbJOlD1hzI','dcf15969-7d90-40c9-9a27-871f4ef38b04','OFFER',0,0,0,0,0,0,0,0,'Dubai','United Arab Emirates',1,'2020-09-08 14:11:33','2020-09-09 13:31:11'),(20,'bo6wosSYYQlbJOlD1hzI','cd13d2bd-3be1-4062-8b1a-fabecf2fa7e3','OFFER',0,0,1,0,1,0,0,0,'Dubai','United Arab Emirates',1,'2020-09-08 14:13:39','2020-09-15 09:07:18'),(21,'bo6wosSYYQlbJOlD1hzI','bd92ef1f-4bba-4b3b-af54-c53e15dd09c4','OFFER',0,0,1,0,0,0,0,0,'Dubai','United Arab Emirates',1,'2020-09-08 14:14:28','2020-09-08 14:14:28'),(22,'bo6wosSYYQlbJOlD1hzI','fee6e038-2b82-4388-8998-bb706ed74881','OFFER',0,0,1,0,0,0,0,0,'Dubai','United Arab Emirates',1,'2020-09-09 08:01:11','2020-09-09 08:01:11'),(23,'bo6wosSYYQlbJOlD1hzI','3ef57e29-14e6-43dd-a1c9-562b2c0b6034','OFFER',0,0,1,0,0,0,0,0,'Dubai','United Arab Emirates',1,'2020-09-09 08:01:20','2020-09-09 08:01:20'),(24,'bo6wosSYYQlbJOlD1hzI','239d9ab7-842b-4814-8062-aa3f6da75a84','OFFER',0,0,0,0,1,0,0,0,'Dubai','United Arab Emirates',1,'2020-09-09 11:52:03','2020-09-15 09:07:18'),(25,'bo6wosSYYQlbJOlD1hzI','f5859b98-ab19-4145-84ab-f4d4853a0a5c','OFFER',0,0,0,0,0,0,0,0,'Dubai','United Arab Emirates',1,'2020-09-09 11:52:52','2020-09-09 11:53:29'),(26,'bo6wosSYYQlbJOlD1hzI','f4c3122f-5d71-4b16-a164-d68621efdec9','OFFER',0,0,1,0,0,0,0,0,'Dubai','United Arab Emirates',1,'2020-09-09 13:29:04','2020-09-09 13:29:04'),(27,'bo6wosSYYQlbJOlD1hzI','ecf6fae9-a85d-4c6f-89de-a2c0349b8f41','OFFER',0,0,1,0,0,0,0,0,'Dubai','United Arab Emirates',1,'2020-09-09 13:29:05','2020-09-09 13:29:21'),(28,'bo6wosSYYQlbJOlD1hzI','fb9aa4d5-48f9-419a-b143-a69593214313','OFFER',0,0,0,0,1,0,0,0,'Dubai','United Arab Emirates',1,'2020-09-09 13:30:15','2020-09-15 09:07:18'),(29,'bo6wosSYYQlbJOlD1hzI','5c4b9bcc-c0af-4830-a3c8-0e5680897837','OFFER',0,0,0,0,0,0,0,0,'Dubai','United Arab Emirates',1,'2020-09-13 06:10:17','2020-09-13 06:10:17'),(30,'bo6wosSYYQlbJOlD1hzI','f0d3cf89-09d4-4098-85b3-3c2ad8580932','OFFER',0,0,1,0,0,0,0,0,'Zirku','United Arab Emirates',1,'2020-09-14 03:30:26','2020-09-14 04:44:39'),(31,'bo6wosSYYQlbJOlD1hzI','ec5e12a5-7d4d-43a0-92ec-0d7ea3dc6fd9','OFFER',0,0,1,0,0,0,0,0,'Dubai','United Arab Emirates',1,'2020-09-14 10:19:20','2020-09-15 19:45:51'),(32,'bo6wosSYYQlbJOlD1hzI','d157a05f-7543-4363-b263-c2ca50b007ce','OFFER',0,0,0,0,1,0,0,0,'Abu Dhabi','United Arab Emirates',1,'2020-09-14 16:51:37','2020-09-15 12:03:52'),(33,'bo6wosSYYQlbJOlD1hzI','3a696319-4f75-4e80-9684-d916ae8c5c2f','OFFER',0,0,1,0,0,0,0,0,'Abu Dhabi','United Arab Emirates',1,'2020-09-14 16:51:39','2020-09-14 16:51:39'),(34,'bo6wosSYYQlbJOlD1hzI','7a7e18e9-dbb3-44a9-ab92-4dbca7db2866','OFFER',0,0,1,0,0,0,0,0,'Abu Dhabi','United Arab Emirates',1,'2020-09-14 16:51:41','2020-09-14 16:51:41'),(35,'bo6wosSYYQlbJOlD1hzI','c2cf9766-5c39-47f9-9a17-0d85c1f447cb','OFFER',0,0,1,0,0,0,0,0,'Abu Dhabi','United Arab Emirates',1,'2020-09-15 11:10:07','2020-09-15 11:22:49'),(36,'bo6wosSYYQlbJOlD1hzI','13c1207a-72e5-40e4-9c93-08aa0908cf8e','OFFER',0,0,0,0,0,0,0,0,'Abu Dhabi','United Arab Emirates',1,'2020-09-15 11:22:13','2020-09-15 11:22:44'),(37,'kG70PXHRiYW2a7eDwKv6','ec5e12a5-7d4d-43a0-92ec-0d7ea3dc6fd9','OFFER',0,0,0,0,0,0,0,0,'Dubai','United Arab Emirates',1,'2020-09-16 07:03:42','2020-09-22 15:13:14'),(38,'QLQIScDbVDl1Yhgl2eJg','df4236ee-8b9f-4561-94da-b4d02ed699ef','OFFER',0,0,0,0,1,0,0,0,'Dubai','United Arab Emirates',1,'2020-09-16 07:16:46','2020-09-23 11:29:53'),(39,'kG70PXHRiYW2a7eDwKv6','5c4b9bcc-c0af-4830-a3c8-0e5680897837','OFFER',0,0,0,0,0,0,0,0,'Dubai','United Arab Emirates',1,'2020-09-16 07:17:01','2020-09-22 15:55:22'),(40,'kG70PXHRiYW2a7eDwKv6','f77ae638-805c-4de4-889d-9fa0db4d7193','OFFER',0,0,1,0,0,0,0,0,'Sharjah','United Arab Emirates',1,'2020-09-16 08:14:34','2020-09-16 08:14:34'),(41,'kG70PXHRiYW2a7eDwKv6','eabefb61-4c05-4660-ad57-0e21858decfa','OFFER',0,0,1,0,0,0,0,0,'Sharjah','United Arab Emirates',1,'2020-09-16 08:14:35','2020-09-16 08:14:35'),(42,'kG70PXHRiYW2a7eDwKv6','cf49223a-f499-413c-9895-196cb101a7a6','OFFER',0,0,0,0,0,0,0,0,'Sharjah','United Arab Emirates',1,'2020-09-16 08:14:37','2020-09-16 08:14:38'),(43,'QLQIScDbVDl1Yhgl2eJg','977964f9-96b4-47e2-bee4-7c0c3b8600e5','OFFER',0,0,1,0,1,0,0,0,'Dubai','United Arab Emirates',1,'2020-09-16 09:07:32','2020-09-23 11:29:53'),(44,'QLQIScDbVDl1Yhgl2eJg','61388ada-2026-4483-9c2f-7acd380701e1','OFFER',0,0,0,0,1,0,0,0,'Dubai','United Arab Emirates',1,'2020-09-16 09:09:46','2020-09-23 11:29:54'),(45,'QLQIScDbVDl1Yhgl2eJg','4decf84c-3388-40c4-8983-fe8a35bb1b70','OFFER',0,0,0,0,1,0,0,0,'Dubai','United Arab Emirates',1,'2020-09-16 09:11:08','2020-09-23 11:29:54'),(46,'QLQIScDbVDl1Yhgl2eJg','3ef57e29-14e6-43dd-a1c9-562b2c0b6034','OFFER',0,0,0,0,1,0,0,0,'Dubai','United Arab Emirates',1,'2020-09-16 10:04:28','2020-09-23 11:29:54'),(47,'kG70PXHRiYW2a7eDwKv6','4f99435e-1c26-4825-9dd0-ddf804d1f761','OFFER',0,0,1,0,0,0,0,0,'Abu Dhabi','United Arab Emirates',1,'2020-09-16 10:34:36','2020-09-16 10:34:43'),(48,'kG70PXHRiYW2a7eDwKv6','d157a05f-7543-4363-b263-c2ca50b007ce','OFFER',0,0,1,0,0,0,0,0,'Abu Dhabi','United Arab Emirates',1,'2020-09-16 10:36:03','2020-09-16 10:36:03'),(49,'kG70PXHRiYW2a7eDwKv6','906a3d06-74dd-4b0d-a5e6-5ec022ae2c3b','OFFER',0,0,0,0,0,0,0,0,'Dubai','United Arab Emirates',1,'2020-09-16 10:37:48','2020-09-22 15:55:58'),(50,'kG70PXHRiYW2a7eDwKv6','f0b4c815-442c-4cad-b840-20a2707579f2','OFFER',0,0,1,0,0,0,0,0,'Ajman','United Arab Emirates',1,'2020-09-16 10:52:28','2020-09-16 10:52:28'),(51,'kG70PXHRiYW2a7eDwKv6','13c1207a-72e5-40e4-9c93-08aa0908cf8e','OFFER',0,0,0,0,0,0,0,0,'Abu Dhabi','United Arab Emirates',1,'2020-09-16 17:10:30','2020-09-22 13:13:44'),(52,'QLQIScDbVDl1Yhgl2eJg','72e3fc30-b8f7-4ecc-aa9d-8c85c92ed772','OFFER',0,0,0,0,1,0,0,0,'Dubai','United Arab Emirates',1,'2020-09-18 07:07:17','2020-09-23 11:29:54'),(53,'kG70PXHRiYW2a7eDwKv6','f765b351-2ac3-4d69-ba62-15e6205585c3','OFFER',0,0,0,0,0,0,0,0,'Dubai','United Arab Emirates',1,'2020-09-18 10:30:17','2020-09-23 00:04:14'),(54,'kG70PXHRiYW2a7eDwKv6','021e8fb5-1b90-4602-a5f1-6439686d594b','OFFER',0,0,0,0,0,0,0,0,'Dubai','United Arab Emirates',1,'2020-09-18 10:31:30','2020-09-22 12:53:18'),(55,'kG70PXHRiYW2a7eDwKv6','1ab8fdab-41e0-4c8d-9e67-fb3bc8c074f8','OFFER',0,0,0,0,0,0,0,0,'Dubai','United Arab Emirates',1,'2020-09-18 10:31:30','2020-09-22 12:51:41'),(56,'kG70PXHRiYW2a7eDwKv6','c5b57a22-f9df-4fd7-beed-e0180a355310','OFFER',0,0,0,0,0,0,0,0,'Abu Dhabi','United Arab Emirates',1,'2020-09-18 16:24:19','2020-09-22 15:07:10'),(57,'kG70PXHRiYW2a7eDwKv6','7c3f5d13-5dac-493a-9b19-fda468353d17','OFFER',0,0,0,0,0,0,0,0,'Sharjah','United Arab Emirates',1,'2020-09-18 16:39:24','2020-09-22 15:10:03'),(58,'kG70PXHRiYW2a7eDwKv6','1b8f46e5-14c1-4fd1-b98c-130aa058332b','OFFER',0,0,0,0,0,0,0,0,'Sharjah','United Arab Emirates',1,'2020-09-18 16:39:26','2020-09-22 15:13:17'),(59,'kG70PXHRiYW2a7eDwKv6','23f86915-e95e-42e0-9e6f-c317ea1a753e','OFFER',0,0,0,0,0,0,0,0,'Dubai','United Arab Emirates',1,'2020-09-18 16:43:05','2020-09-22 15:57:41'),(60,'QLQIScDbVDl1Yhgl2eJg','e9672271-e28d-4a39-9d4c-668faf022897','OFFER',0,0,0,0,1,0,0,0,'Dubai','United Arab Emirates',1,'2020-09-21 11:31:26','2020-09-23 11:29:54'),(61,'kG70PXHRiYW2a7eDwKv6','117a6cee-d9a9-4a77-a42f-bc59e0859802','OFFER',0,0,0,0,0,0,0,0,'Dubai','United Arab Emirates',1,'2020-09-21 11:31:27','2020-09-23 00:04:24'),(62,'QLQIScDbVDl1Yhgl2eJg','9998f0b1-485f-4c29-b8b1-24549b36742a','OFFER',0,0,0,0,1,0,0,0,'Dubai','United Arab Emirates',1,'2020-09-21 11:31:28','2020-09-23 11:29:54'),(63,'kG70PXHRiYW2a7eDwKv6','785a5b4e-1c71-4d9d-800e-fe8800e6baa9','OFFER',0,0,0,0,0,0,0,0,'Dubai','United Arab Emirates',1,'2020-09-21 11:31:29','2020-09-23 00:04:23'),(64,'9yNAPu8yAmQ0w4pV40Yf','4decf84c-3388-40c4-8983-fe8a35bb1b70','OFFER',0,0,0,0,0,0,0,0,'Dubai','United Arab Emirates',1,'2020-09-22 13:19:40','2020-09-22 13:19:42'),(65,'kG70PXHRiYW2a7eDwKv6','072759d5-068e-4e5f-a52d-2b73a029568f','OFFER',0,0,0,0,0,0,0,0,'Dubai','United Arab Emirates',1,'2020-09-22 15:57:02','2020-09-22 23:48:26'),(66,'kG70PXHRiYW2a7eDwKv6','80ef25d8-c524-4eed-8f6c-59e2f2d67d59','OFFER',0,0,0,0,0,0,0,0,'Dubai','United Arab Emirates',1,'2020-09-22 15:57:04','2020-09-22 23:48:37'),(67,'kG70PXHRiYW2a7eDwKv6','ec2afe99-5a11-4310-bf31-9ec2f0bbe873','OFFER',0,0,0,0,0,0,0,0,'Dubai','United Arab Emirates',1,'2020-09-22 15:57:05','2020-09-22 16:00:21'),(68,'kG70PXHRiYW2a7eDwKv6','8f8d539d-ae21-4940-bf85-13ec7c7af10a','OFFER',0,0,0,0,0,0,0,0,'Dubai','United Arab Emirates',1,'2020-09-22 15:57:18','2020-09-22 15:57:43'),(69,'kG70PXHRiYW2a7eDwKv6','3cbe1741-fb16-46a1-94e5-06e0ea151903','OFFER',0,0,0,0,0,0,0,0,'Dubai','United Arab Emirates',1,'2020-09-22 15:57:20','2020-09-22 16:02:42'),(70,'kG70PXHRiYW2a7eDwKv6','8dbaa6b6-180e-400a-9c5c-aa55f31b74c7','OFFER',0,0,0,0,0,0,0,0,'Dubai','United Arab Emirates',1,'2020-09-22 15:57:21','2020-09-22 16:02:40'),(71,'QLQIScDbVDl1Yhgl2eJg','0b781465-9ae8-423b-bb6c-720d8fd8442e','OFFER',0,0,0,0,1,0,0,0,'Dubai','United Arab Emirates',1,'2020-09-22 16:03:20','2020-09-23 11:29:54'),(72,'kG70PXHRiYW2a7eDwKv6','095956e3-5118-41fe-a64f-4672a1bd9b43','OFFER',0,0,0,0,0,0,0,0,'Dubai','United Arab Emirates',1,'2020-09-22 16:03:21','2020-09-22 23:46:55'),(73,'QLQIScDbVDl1Yhgl2eJg','aec78dea-6817-495b-b70a-855bdde9510b','OFFER',0,0,0,0,1,0,0,0,'Dubai','United Arab Emirates',1,'2020-09-22 16:03:21','2020-09-23 11:29:54'),(74,'kG70PXHRiYW2a7eDwKv6','84e9044f-01d1-488e-8803-b4939677b781','OFFER',0,0,0,0,0,0,0,0,'Dubai','United Arab Emirates',1,'2020-09-22 16:03:23','2020-09-22 23:47:10'),(75,'kG70PXHRiYW2a7eDwKv6','4c0a5c0b-5487-4b99-8217-8cb62fc3ec00','OFFER',0,0,0,0,0,0,0,0,'Dubai','United Arab Emirates',1,'2020-09-22 16:03:24','2020-09-22 23:47:08'),(76,'kG70PXHRiYW2a7eDwKv6','6cb51c8e-2752-4be8-98e4-fc517045a6e0','OFFER',0,0,0,0,0,0,0,0,'Dubai','United Arab Emirates',1,'2020-09-22 16:03:24','2020-09-22 23:47:14'),(77,'kG70PXHRiYW2a7eDwKv6','3000c235-964d-40df-ada8-77ff2229adde','OFFER',0,0,0,0,0,0,0,0,'Dubai','United Arab Emirates',1,'2020-09-22 16:03:25','2020-09-22 23:47:06'),(78,'kG70PXHRiYW2a7eDwKv6','e3766733-6e06-490f-8627-ce5009ec54ce','OFFER',0,0,0,0,0,0,0,0,'Dubai','United Arab Emirates',1,'2020-09-22 16:03:26','2020-09-22 23:47:15'),(79,'QLQIScDbVDl1Yhgl2eJg','98fa6227-78e4-4893-bb08-04150e0786e1','OFFER',0,0,0,0,1,0,0,0,'Dubai','United Arab Emirates',1,'2020-09-22 16:03:27','2020-09-23 11:29:54'),(80,'kG70PXHRiYW2a7eDwKv6','20698026-1766-4428-a242-fd5afc3d2abd','OFFER',0,0,0,0,0,0,0,0,'Dubai','United Arab Emirates',1,'2020-09-22 16:03:28','2020-09-22 23:47:01'),(81,'kG70PXHRiYW2a7eDwKv6','d84c856d-0334-45e5-9b63-e412fdfaa32d','OFFER',0,0,0,0,0,0,0,0,'Dubai','United Arab Emirates',1,'2020-09-22 16:03:29','2020-09-22 23:43:35'),(82,'kG70PXHRiYW2a7eDwKv6','499eee80-a195-4683-8745-7cacb849d56c','OFFER',0,0,0,0,0,0,0,0,'Dubai','United Arab Emirates',1,'2020-09-22 16:03:30','2020-09-22 23:43:34'),(83,'kG70PXHRiYW2a7eDwKv6','53055b03-f7ec-481e-9d6e-b0a9c1f41a70','OFFER',0,0,0,0,0,0,0,0,'Dubai','United Arab Emirates',1,'2020-09-22 16:03:31','2020-09-22 23:43:10'),(84,'kG70PXHRiYW2a7eDwKv6','a764f543-eb8b-4e8e-a623-523ccb31c7da','OFFER',0,0,0,0,0,0,0,0,'Dubai','United Arab Emirates',1,'2020-09-22 16:03:33','2020-09-22 23:43:12'),(85,'kG70PXHRiYW2a7eDwKv6','598bf236-4982-4b35-a548-a4ac49f84cbd','OFFER',0,0,0,0,0,0,0,0,'Dubai','United Arab Emirates',1,'2020-09-22 16:03:33','2020-09-22 23:43:13'),(86,'kG70PXHRiYW2a7eDwKv6','63cda955-4e0e-4d98-ba25-2c9396c2fd4e','OFFER',0,0,0,0,0,0,0,0,'Dubai','United Arab Emirates',1,'2020-09-22 16:03:34','2020-09-22 16:08:48'),(87,'kG70PXHRiYW2a7eDwKv6','581edc44-f702-42fa-8da7-8414eb68202c','OFFER',0,0,0,0,0,0,0,0,'Dubai','United Arab Emirates',1,'2020-09-22 16:03:36','2020-09-22 23:43:31'),(88,'kG70PXHRiYW2a7eDwKv6','714f347f-8ade-4393-a614-fb1a1bc417a5','OFFER',0,0,0,0,0,0,0,0,'Dubai','United Arab Emirates',1,'2020-09-22 16:03:37','2020-09-22 23:43:33'),(89,'kG70PXHRiYW2a7eDwKv6','50005819-4335-483c-bcdd-80b6bcf63306','OFFER',0,0,0,0,0,0,0,0,'Dubai','United Arab Emirates',1,'2020-09-22 16:03:38','2020-09-22 16:07:08'),(90,'kG70PXHRiYW2a7eDwKv6','9c0c0a73-b2e1-407c-a310-09fcd3230b06','OFFER',0,0,0,0,0,0,0,0,'Dubai','United Arab Emirates',1,'2020-09-22 16:03:39','2020-09-22 16:08:55'),(91,'kG70PXHRiYW2a7eDwKv6','e48e2ca0-f214-4ad0-914c-f6361a176cba','OFFER',0,0,0,0,0,0,0,0,'Dubai','United Arab Emirates',1,'2020-09-22 16:03:40','2020-09-22 16:09:02'),(92,'kG70PXHRiYW2a7eDwKv6','e0bb035b-dece-4491-a73b-7521e6688ffb','OFFER',0,0,0,0,0,0,0,0,'Dubai','United Arab Emirates',1,'2020-09-22 16:03:41','2020-09-22 16:09:37'),(93,'kG70PXHRiYW2a7eDwKv6','c3266391-9000-4385-a926-58a5cff846b9','OFFER',0,0,0,0,0,0,0,0,'Dubai','United Arab Emirates',1,'2020-09-22 16:03:43','2020-09-22 23:43:42'),(94,'QLQIScDbVDl1Yhgl2eJg','f2724dd0-141f-4d94-b19c-5e1251252f12','OFFER',0,0,0,0,1,0,0,0,'Dubai','United Arab Emirates',1,'2020-09-22 16:03:44','2020-09-23 11:29:54'),(95,'kr51xvlg0ccyaECN09TE','4decf84c-3388-40c4-8983-fe8a35bb1b70','OFFER',0,0,0,0,1,0,0,0,'Dubai','United Arab Emirates',1,'2020-09-23 13:08:32','2020-10-16 00:36:25'),(96,'kr51xvlg0ccyaECN09TE','df4236ee-8b9f-4561-94da-b4d02ed699ef','OFFER',0,0,0,0,0,0,0,0,'Dubai','United Arab Emirates',1,'2020-09-23 13:11:36','2020-09-25 10:37:21'),(97,'kr51xvlg0ccyaECN09TE','598bf236-4982-4b35-a548-a4ac49f84cbd','OFFER',0,0,0,0,0,0,0,0,'Dubai','United Arab Emirates',1,'2020-09-23 13:15:17','2020-09-23 13:15:21'),(98,'kr51xvlg0ccyaECN09TE','61388ada-2026-4483-9c2f-7acd380701e1','OFFER',0,0,0,0,0,0,0,0,'Dubai','United Arab Emirates',1,'2020-09-24 05:44:54','2020-09-24 08:17:31'),(99,'kr51xvlg0ccyaECN09TE','8f8d539d-ae21-4940-bf85-13ec7c7af10a','OFFER',0,0,0,0,1,0,0,0,'Dubai','United Arab Emirates',1,'2020-09-24 05:44:59','2020-09-30 12:01:22'),(100,'kr51xvlg0ccyaECN09TE','ad82fba8-cb87-4a54-ba1a-0f1347057c58','OFFER',0,0,0,0,0,0,0,0,'Dubai','United Arab Emirates',1,'2020-09-24 05:45:01','2020-09-30 12:35:51'),(101,'kr51xvlg0ccyaECN09TE','f056315c-5724-4269-911d-33bc7c088507','OFFER',0,0,0,0,0,0,0,0,'Dubai','United Arab Emirates',1,'2020-09-24 05:45:02','2020-09-30 12:34:38'),(102,'kr51xvlg0ccyaECN09TE','80ef25d8-c524-4eed-8f6c-59e2f2d67d59','OFFER',0,0,0,0,0,0,0,0,'Dubai','United Arab Emirates',1,'2020-09-24 05:45:06','2020-09-24 08:33:59'),(103,'kr51xvlg0ccyaECN09TE','072759d5-068e-4e5f-a52d-2b73a029568f','OFFER',0,0,0,0,0,0,0,0,'Dubai','United Arab Emirates',1,'2020-09-24 05:45:08','2020-10-16 04:28:02'),(104,'kr51xvlg0ccyaECN09TE','f765b351-2ac3-4d69-ba62-15e6205585c3','OFFER',0,0,0,0,0,0,0,0,'Dubai','United Arab Emirates',1,'2020-09-24 05:45:09','2020-10-14 12:54:41'),(105,'kr51xvlg0ccyaECN09TE','51e8528a-902a-4bd6-9543-e037712bd83d','OFFER',0,0,0,0,0,0,0,0,'Dubai','United Arab Emirates',1,'2020-09-24 05:45:10','2020-09-24 08:37:55'),(106,'kr51xvlg0ccyaECN09TE','ec2afe99-5a11-4310-bf31-9ec2f0bbe873','OFFER',0,0,0,0,0,0,0,0,'Dubai','United Arab Emirates',1,'2020-09-24 05:45:11','2020-09-29 12:25:39'),(107,'kr51xvlg0ccyaECN09TE','9998f0b1-485f-4c29-b8b1-24549b36742a','OFFER',0,0,0,0,0,0,0,0,'Dubai','United Arab Emirates',1,'2020-09-24 05:45:19','2020-09-24 13:13:01'),(108,'kr51xvlg0ccyaECN09TE','117a6cee-d9a9-4a77-a42f-bc59e0859802','OFFER',0,0,0,0,0,0,0,0,'Dubai','United Arab Emirates',1,'2020-09-24 05:45:20','2020-09-25 00:24:58'),(109,'kr51xvlg0ccyaECN09TE','3ef57e29-14e6-43dd-a1c9-562b2c0b6034','OFFER',0,0,0,0,0,0,0,0,'Dubai','United Arab Emirates',1,'2020-09-24 05:45:41','2020-09-24 08:34:01'),(110,'kr51xvlg0ccyaECN09TE','72e3fc30-b8f7-4ecc-aa9d-8c85c92ed772','OFFER',0,0,0,0,1,0,0,0,'Dubai','United Arab Emirates',1,'2020-09-24 05:45:50','2020-10-16 00:51:20'),(111,'kr51xvlg0ccyaECN09TE','e9672271-e28d-4a39-9d4c-668faf022897','OFFER',0,0,0,0,0,0,0,0,'Dubai','United Arab Emirates',1,'2020-09-24 05:45:51','2020-09-25 00:24:52'),(112,'kr51xvlg0ccyaECN09TE','0b781465-9ae8-423b-bb6c-720d8fd8442e','OFFER',0,0,0,0,0,0,0,0,'Dubai','United Arab Emirates',1,'2020-09-24 05:45:54','2020-09-25 00:23:37'),(113,'kr51xvlg0ccyaECN09TE','785a5b4e-1c71-4d9d-800e-fe8800e6baa9','OFFER',0,0,0,0,0,0,0,0,'Dubai','United Arab Emirates',1,'2020-09-24 05:45:57','2020-09-24 05:53:11'),(114,'kr51xvlg0ccyaECN09TE','3cbe1741-fb16-46a1-94e5-06e0ea151903','OFFER',0,0,0,0,1,0,0,0,'Dubai','United Arab Emirates',1,'2020-09-24 05:46:08','2020-09-30 12:01:23'),(115,'kr51xvlg0ccyaECN09TE','e75a0717-aed4-4ab5-9f13-040411f2fe0e','OFFER',0,0,0,0,0,0,0,0,'Dubai','United Arab Emirates',1,'2020-09-24 05:46:11','2020-09-30 12:19:57'),(116,'kr51xvlg0ccyaECN09TE','8dbaa6b6-180e-400a-9c5c-aa55f31b74c7','OFFER',0,0,0,0,0,0,0,0,'Dubai','United Arab Emirates',1,'2020-09-24 05:46:12','2020-10-09 09:49:14'),(117,'kr51xvlg0ccyaECN09TE','1bad00ed-9d95-4f74-bb7d-a508d2f9f7ca','OFFER',0,0,0,0,0,0,0,0,'Dubai','United Arab Emirates',1,'2020-09-24 07:18:14','2020-10-14 12:54:40'),(118,'kr51xvlg0ccyaECN09TE','5c4b9bcc-c0af-4830-a3c8-0e5680897837','OFFER',0,0,0,0,1,0,0,0,'Dubai','United Arab Emirates',1,'2020-09-24 07:21:19','2020-10-12 11:17:44'),(119,'kr51xvlg0ccyaECN09TE','bcf2a537-0ec2-49c9-8fb3-b354017d3f12','OFFER',0,0,0,0,0,0,0,0,'Dubai','United Arab Emirates',1,'2020-09-24 07:33:19','2020-09-29 11:09:51'),(120,'kr51xvlg0ccyaECN09TE','0a8f36ff-483f-4a15-928b-28bd96baf072','OFFER',0,0,1,0,0,0,0,0,'Dubai','United Arab Emirates',1,'2020-09-24 07:33:20','2020-09-24 13:02:38'),(121,'kr51xvlg0ccyaECN09TE','91e81dd5-c625-412d-85d4-9824239640c4','OFFER',0,0,0,0,1,0,0,0,'Dubai','United Arab Emirates',1,'2020-09-24 07:33:21','2020-09-30 16:52:49'),(122,'kr51xvlg0ccyaECN09TE','80182b92-8523-4379-ab84-79d9279bc77d','OFFER',0,0,0,0,0,0,0,0,'Dubai','United Arab Emirates',1,'2020-09-24 07:33:22','2020-10-19 10:46:37'),(123,'kr51xvlg0ccyaECN09TE','95c55be9-cd03-4ec7-a9fd-d390c6197c87','OFFER',0,0,0,0,0,0,0,0,'Dubai','United Arab Emirates',1,'2020-09-24 07:33:24','2020-09-30 12:32:45'),(124,'kr51xvlg0ccyaECN09TE','095956e3-5118-41fe-a64f-4672a1bd9b43','OFFER',0,0,0,0,0,0,0,0,'Dubai','United Arab Emirates',1,'2020-09-24 07:33:25','2020-09-30 13:24:21'),(125,'kr51xvlg0ccyaECN09TE','0c61a458-6275-454a-b84a-b026f2e67217','OFFER',0,0,0,0,1,0,0,0,'Dubai','United Arab Emirates',1,'2020-09-24 07:33:30','2020-10-14 12:50:29'),(126,'kr51xvlg0ccyaECN09TE','fb3deff8-78dc-431c-be85-368254e577f5','OFFER',0,0,0,0,0,0,0,0,'Dubai','United Arab Emirates',1,'2020-09-24 08:38:40','2020-09-29 12:25:35'),(127,'kr51xvlg0ccyaECN09TE','5cb840d2-1c43-45c7-9bba-36c2e580fa8f','OFFER',0,0,0,0,0,0,0,0,'Dubai','United Arab Emirates',1,'2020-09-24 08:38:42','2020-09-29 10:48:36'),(128,'kr51xvlg0ccyaECN09TE','29734ac2-bde1-41d7-a34e-a79491e5b22e','OFFER',0,1,0,0,0,0,0,0,'Dubai','United Arab Emirates',1,'2020-09-24 08:38:43','2020-10-15 12:31:01'),(129,'kr51xvlg0ccyaECN09TE','f6a272af-bb1f-44d9-870b-ae4986233da5','OFFER',0,0,0,0,0,0,0,0,'Dubai','United Arab Emirates',1,'2020-09-24 08:38:44','2020-10-06 13:15:59'),(130,'kr51xvlg0ccyaECN09TE','c8f84368-9437-4440-b8c5-c557f192f944','OFFER',0,0,0,0,0,0,0,0,'Dubai','United Arab Emirates',1,'2020-09-24 08:38:46','2020-09-30 12:34:35'),(131,'kr51xvlg0ccyaECN09TE','14defaee-9f07-4d70-9e2c-acf6e34028c7','OFFER',0,0,0,0,0,0,0,0,'Dubai','United Arab Emirates',1,'2020-09-24 08:38:47','2020-09-25 00:22:10'),(132,'kr51xvlg0ccyaECN09TE','c93b1e5a-f053-41a5-9d45-aa464d990395','OFFER',0,0,0,0,0,0,0,0,'Dubai','United Arab Emirates',1,'2020-09-24 08:38:49','2020-09-30 12:34:36'),(133,'kr51xvlg0ccyaECN09TE','73663d69-77fc-46fd-a4e8-9a24db9ca426','OFFER',0,2,0,0,0,0,0,0,'Dubai','United Arab Emirates',1,'2020-09-24 08:38:49','2020-10-15 12:34:57'),(134,'kr51xvlg0ccyaECN09TE','54f230eb-24e1-45dd-be93-0d9c785a8ca0','OFFER',0,0,0,0,0,0,0,0,'Dubai','United Arab Emirates',1,'2020-09-24 08:38:51','2020-09-25 00:22:26'),(135,'kr51xvlg0ccyaECN09TE','88cdcd1f-1f22-4743-b3f7-8215bcf5d7c3','OFFER',0,0,0,0,0,0,0,0,'Dubai','United Arab Emirates',1,'2020-09-24 08:38:58','2020-09-25 00:22:28'),(136,'kr51xvlg0ccyaECN09TE','75c70460-1069-424f-96a7-af9628621934','OFFER',0,0,0,0,0,0,0,0,'Dubai','United Arab Emirates',1,'2020-09-24 08:38:59','2020-09-25 00:22:31'),(137,'kr51xvlg0ccyaECN09TE','3c4c82eb-7ee7-4115-8e37-9ba4d016092f','OFFER',0,0,0,0,0,0,0,0,'Dubai','United Arab Emirates',1,'2020-09-24 08:39:00','2020-09-25 00:21:16'),(138,'kr51xvlg0ccyaECN09TE','827c4c5a-e8d2-4204-a714-f28bfe023576','OFFER',0,1,0,0,0,0,0,0,'Dubai','United Arab Emirates',1,'2020-09-24 08:39:02','2020-10-15 12:31:01'),(139,'kr51xvlg0ccyaECN09TE','b28c3de3-d009-4f69-a51c-564ebc9c3621','OFFER',0,0,0,0,0,0,0,0,'Dubai','United Arab Emirates',1,'2020-09-24 08:39:06','2020-09-25 00:21:10'),(140,'kr51xvlg0ccyaECN09TE','211e9026-eb86-4936-93bb-42397e802497','OFFER',0,0,0,0,0,0,0,0,'Dubai','United Arab Emirates',1,'2020-09-24 08:39:07','2020-09-29 10:48:40'),(141,'kr51xvlg0ccyaECN09TE','f10ff768-1e9f-4143-b7ba-526f7169f781','OFFER',0,0,0,0,0,0,0,0,'Dubai','United Arab Emirates',1,'2020-09-24 08:39:09','2020-09-25 00:23:45'),(142,'kr51xvlg0ccyaECN09TE','b06abd7b-2c38-475a-9f4e-7d4b384e7267','OFFER',0,0,0,0,0,0,0,0,'Dubai','United Arab Emirates',1,'2020-09-24 08:39:11','2020-09-25 00:25:31'),(143,'kr51xvlg0ccyaECN09TE','4d4ecf84-5667-4571-899b-612cd609228f','OFFER',0,0,0,0,0,0,0,0,'Dubai','United Arab Emirates',1,'2020-09-24 08:39:12','2020-09-25 00:25:06'),(144,'VSJMjE9xci0fjISNCCDQ','ec2afe99-5a11-4310-bf31-9ec2f0bbe873','OFFER',0,0,0,0,1,0,0,0,'Dubai','United Arab Emirates',1,'2020-09-24 11:39:43','2020-09-24 11:39:43'),(145,'kr51xvlg0ccyaECN09TE','5c538001-b9ff-472e-a9e4-288d93a98aaa','OFFER',0,0,0,0,0,0,0,0,'Al Ain','United Arab Emirates',1,'2020-09-24 12:42:31','2020-09-24 13:12:28'),(146,'kr51xvlg0ccyaECN09TE','366e8771-0c11-4ff3-8ca9-fa78e14a7c57','OFFER',0,0,0,0,1,0,0,0,'Dubai','United Arab Emirates',1,'2020-09-24 12:47:27','2020-10-12 11:17:43'),(147,'kr51xvlg0ccyaECN09TE','3fd4805b-e901-4b99-af99-4635becd19fa','OFFER',0,0,0,0,0,0,0,0,'Dubai','United Arab Emirates',1,'2020-09-24 12:47:28','2020-09-25 00:25:00'),(148,'bBYD99AadkOgfKc6G0Tj','df4236ee-8b9f-4561-94da-b4d02ed699ef','OFFER',0,0,0,0,1,0,0,0,'Dubai','United Arab Emirates',1,'2020-09-24 12:48:04','2020-09-24 12:48:09'),(149,'kr51xvlg0ccyaECN09TE','e71bf45f-0b9b-464e-9344-9ba2b61fcf77','OFFER',0,0,0,1,0,0,0,0,'Dubai','United Arab Emirates',1,'2020-09-24 12:54:07','2020-09-24 13:03:37'),(150,'kr51xvlg0ccyaECN09TE','bb452f43-e07d-4df1-b5a7-0045c5ec28d5','OFFER',0,0,0,1,0,0,0,0,'Al Ain','United Arab Emirates',1,'2020-09-24 12:59:04','2020-09-24 12:59:05'),(151,'kr51xvlg0ccyaECN09TE','ef4d3da7-d4dd-436f-8caf-b5d8df780537','OFFER',0,0,0,0,0,0,0,0,'Dubai','United Arab Emirates',1,'2020-09-24 13:04:53','2020-09-24 13:05:47'),(152,'kr51xvlg0ccyaECN09TE','ff92d9a5-819c-4fee-82c1-06fecb43d87c','OFFER',0,0,0,0,0,0,0,0,'Dubai','United Arab Emirates',1,'2020-09-24 13:09:30','2020-09-25 00:24:54'),(153,'kr51xvlg0ccyaECN09TE','f3b04f8c-d6fd-44eb-9c83-f20c1d28fbe8','OFFER',0,0,0,0,0,0,0,0,'Dubai','United Arab Emirates',1,'2020-09-24 13:26:40','2020-09-24 14:32:48'),(154,'kr51xvlg0ccyaECN09TE','50af6bba-7943-41c0-9496-cb4a6f70ff2c','OFFER',0,0,0,0,0,0,0,0,'Dubai','United Arab Emirates',1,'2020-09-25 06:34:56','2020-09-25 09:10:27'),(155,'kr51xvlg0ccyaECN09TE','6a7ed01e-3d4d-4cd0-ae49-796b03f02477','OFFER',0,0,0,0,0,0,0,0,'Dubai','United Arab Emirates',1,'2020-09-25 06:34:57','2020-09-25 09:10:34'),(156,'rN2uRhcxoXV6WuNwKySK','ec2afe99-5a11-4310-bf31-9ec2f0bbe873','OFFER',0,0,0,0,1,0,0,0,'Dubai','United Arab Emirates',1,'2020-09-25 13:59:33','2020-09-25 14:22:29'),(157,'rN2uRhcxoXV6WuNwKySK','fb3deff8-78dc-431c-be85-368254e577f5','OFFER',0,0,0,0,0,0,0,0,'Dubai','United Arab Emirates',1,'2020-09-25 13:59:34','2020-09-25 13:59:41'),(158,'rN2uRhcxoXV6WuNwKySK','5c4b9bcc-c0af-4830-a3c8-0e5680897837','OFFER',0,0,0,0,0,0,0,0,'Dubai','United Arab Emirates',1,'2020-09-25 13:59:35','2020-09-25 14:21:36'),(159,'rN2uRhcxoXV6WuNwKySK','29734ac2-bde1-41d7-a34e-a79491e5b22e','OFFER',0,0,0,0,0,0,0,0,'Dubai','United Arab Emirates',1,'2020-09-25 13:59:50','2020-09-25 14:21:05'),(160,'rN2uRhcxoXV6WuNwKySK','242fcf3c-6c90-4c9b-9d2f-7a586388e6ad','OFFER',0,0,0,0,0,0,0,0,'Abu Dhabi','United Arab Emirates',1,'2020-09-25 14:01:58','2020-09-25 14:21:40'),(161,'rN2uRhcxoXV6WuNwKySK','670a0219-7554-4645-9ffb-4897650488bd','OFFER',0,0,0,0,0,0,0,0,'Abu Dhabi','United Arab Emirates',1,'2020-09-25 14:01:59','2020-09-25 14:21:42'),(162,'rN2uRhcxoXV6WuNwKySK','021e8fb5-1b90-4602-a5f1-6439686d594b','OFFER',0,0,0,0,0,0,0,0,'Dubai','United Arab Emirates',1,'2020-09-25 14:03:56','2020-09-25 14:21:24'),(163,'rN2uRhcxoXV6WuNwKySK','dbd1aa46-a1e8-4a28-a674-d0f02112e269','OFFER',0,0,0,0,0,0,0,0,'Dubai','United Arab Emirates',1,'2020-09-25 14:04:47','2020-09-25 14:20:58'),(164,'rN2uRhcxoXV6WuNwKySK','8faf862d-408a-4726-bfb2-09ccff4e5708','OFFER',0,0,0,0,0,0,0,0,'Dubai','United Arab Emirates',1,'2020-09-25 14:12:15','2020-09-25 14:21:31'),(165,'rN2uRhcxoXV6WuNwKySK','39a4b491-42de-46e6-89b3-3464262205f3','OFFER',0,0,0,0,0,0,0,0,'Dubai','United Arab Emirates',1,'2020-09-25 14:12:15','2020-09-25 14:21:02'),(166,'rN2uRhcxoXV6WuNwKySK','081bbb8a-2976-4910-973f-93ae25c72964','OFFER',0,0,0,0,0,0,0,0,'Dubai','United Arab Emirates',1,'2020-09-25 14:12:43','2020-09-25 14:21:33'),(167,'rN2uRhcxoXV6WuNwKySK','211e9026-eb86-4936-93bb-42397e802497','OFFER',0,0,0,0,0,0,0,0,'Dubai','United Arab Emirates',1,'2020-09-25 14:12:44','2020-09-25 14:21:37'),(168,'rN2uRhcxoXV6WuNwKySK','91e81dd5-c625-412d-85d4-9824239640c4','OFFER',0,0,0,0,0,0,0,0,'Dubai','United Arab Emirates',1,'2020-09-25 14:13:09','2020-09-25 14:21:31'),(169,'rN2uRhcxoXV6WuNwKySK','0cb8a319-3ed6-47a1-8119-0364dc968544','OFFER',0,0,0,0,0,0,0,0,'Dubai','United Arab Emirates',1,'2020-09-25 14:13:10','2020-09-25 14:21:32'),(170,'rN2uRhcxoXV6WuNwKySK','1bad00ed-9d95-4f74-bb7d-a508d2f9f7ca','OFFER',0,0,0,0,0,0,0,0,'Dubai','United Arab Emirates',1,'2020-09-25 14:21:48','2020-09-25 14:21:51'),(171,'kr51xvlg0ccyaECN09TE','6452c779-d386-4af9-8b26-77c718cd2508','OFFER',0,0,0,0,0,0,0,0,'Dubai','United Arab Emirates',1,'2020-09-29 10:28:37','2020-09-29 10:48:33'),(172,'kr51xvlg0ccyaECN09TE','2c491bc1-5246-4e12-bdeb-38a6efde620a','OFFER',0,0,0,0,1,0,0,0,'Dubai','United Arab Emirates',1,'2020-09-29 10:30:14','2020-10-19 16:14:14'),(173,'kr51xvlg0ccyaECN09TE','30e20f4c-9e72-4dfe-95ef-0f99c47b9985','OFFER',0,0,0,0,0,0,0,0,'Dubai','United Arab Emirates',1,'2020-09-29 10:32:19','2020-10-19 17:04:42'),(174,'v53QBaoOHkallLYrqiPI','ced5c01a-a702-409a-9052-dea9db1feaf1','OFFER',0,0,0,0,1,0,0,0,'Abu Dhabi','United Arab Emirates',1,'2020-09-29 14:00:12','2020-09-29 14:16:03'),(175,'v53QBaoOHkallLYrqiPI','8f416b6e-a967-43d7-b36e-2fa6c2955388','OFFER',0,0,0,0,1,0,0,0,'Abu Dhabi','United Arab Emirates',1,'2020-09-29 14:00:14','2020-09-29 14:24:41'),(176,'v53QBaoOHkallLYrqiPI','fe9cbb04-2ed9-4548-adf9-56a8afea092b','OFFER',0,0,0,0,0,0,0,0,'Abu Dhabi','United Arab Emirates',1,'2020-09-29 14:27:32','2020-09-29 14:27:33'),(177,'v53QBaoOHkallLYrqiPI','e0af434e-9071-45e0-9d22-39438dca2f3e','OFFER',0,0,0,0,1,0,0,0,'Abu Dhabi','United Arab Emirates',1,'2020-09-29 14:27:52','2020-09-29 14:27:52'),(178,'v53QBaoOHkallLYrqiPI','33102247-42cd-4039-83c4-83f537540e7e','OFFER',0,0,0,0,1,0,0,0,'Abu Dhabi','United Arab Emirates',1,'2020-09-29 14:27:52','2020-09-29 14:27:52'),(179,'kr51xvlg0ccyaECN09TE','037dacd0-e4e0-4379-aacb-ed7c6d6748e7','OFFER',0,0,0,0,0,0,0,0,'Dubai','United Arab Emirates',1,'2020-09-30 07:14:00','2020-09-30 12:34:32'),(180,'kr51xvlg0ccyaECN09TE','10fd2c94-00cc-42dd-b62d-b4ecb3707852','OFFER',0,0,0,0,0,0,0,0,'Dubai','United Arab Emirates',1,'2020-09-30 09:11:04','2020-09-30 11:29:44'),(181,'kr51xvlg0ccyaECN09TE','34e5a8d3-4c70-41e4-99b1-1501f4370f08','OFFER',0,0,0,0,0,0,0,0,'Abu Dhabi','United Arab Emirates',1,'2020-09-30 09:20:46','2020-09-30 09:20:49'),(182,'kr51xvlg0ccyaECN09TE','6cb51c8e-2752-4be8-98e4-fc517045a6e0','OFFER',0,0,0,0,0,0,0,0,'Dubai','United Arab Emirates',1,'2020-09-30 11:17:19','2020-09-30 12:20:11'),(183,'kr51xvlg0ccyaECN09TE','6ceada7f-ae7b-4d8c-80fd-31262cace1d7','OFFER',0,0,0,0,0,0,0,0,'Dubai','United Arab Emirates',1,'2020-09-30 11:52:10','2020-10-09 09:49:12'),(184,'kr51xvlg0ccyaECN09TE','d0df5771-5c1a-4c2e-9f79-717498dcdf1c','OFFER',0,0,0,0,0,0,0,0,'Dubai','United Arab Emirates',1,'2020-09-30 11:59:24','2020-09-30 12:34:29'),(185,'ZtmIsz3GcjHqimiTsW02','73663d69-77fc-46fd-a4e8-9a24db9ca426','OFFER',0,0,0,0,0,0,0,0,'Dubai','United Arab Emirates',1,'2020-09-30 13:45:31','2020-09-30 13:48:29'),(186,'ZtmIsz3GcjHqimiTsW02','91e81dd5-c625-412d-85d4-9824239640c4','OFFER',0,0,0,0,1,0,0,0,'Dubai','United Arab Emirates',1,'2020-09-30 13:49:39','2020-09-30 13:49:39'),(187,'ZtmIsz3GcjHqimiTsW02','ad82fba8-cb87-4a54-ba1a-0f1347057c58','OFFER',0,0,0,0,1,0,0,0,'Dubai','United Arab Emirates',1,'2020-09-30 13:49:57','2020-09-30 13:49:57'),(188,'ZtmIsz3GcjHqimiTsW02','ced5c01a-a702-409a-9052-dea9db1feaf1','OFFER',0,0,0,0,1,0,0,0,'Abu Dhabi','United Arab Emirates',1,'2020-09-30 13:51:31','2020-09-30 13:51:31'),(189,'ZtmIsz3GcjHqimiTsW02','0f39e254-a46f-40e8-b6f5-46e6b449d17a','OFFER',0,0,0,0,1,0,0,0,'Abu Dhabi','United Arab Emirates',1,'2020-09-30 13:51:35','2020-09-30 13:51:35'),(190,'ZtmIsz3GcjHqimiTsW02','a041b56a-6c98-4e96-90e2-97ca47e23b33','OFFER',0,0,0,0,1,0,0,0,'Abu Dhabi','United Arab Emirates',1,'2020-09-30 13:51:38','2020-09-30 13:51:38'),(191,'ZtmIsz3GcjHqimiTsW02','8f6321b4-3e65-4285-a278-2779247673e5','OFFER',0,0,0,0,1,0,0,0,'Abu Dhabi','United Arab Emirates',1,'2020-09-30 13:51:40','2020-09-30 13:51:40'),(192,'ZtmIsz3GcjHqimiTsW02','5032b37c-b55e-4dc9-a483-d7652a8b323b','OFFER',0,0,0,0,1,0,0,0,'Abu Dhabi','United Arab Emirates',1,'2020-09-30 13:51:43','2020-09-30 13:51:43'),(193,'ZtmIsz3GcjHqimiTsW02','0c27b33a-9d3b-41b1-b707-f2541680b4ab','OFFER',0,0,0,0,1,0,0,0,'Abu Dhabi','United Arab Emirates',1,'2020-09-30 13:51:45','2020-09-30 13:51:45'),(194,'ZtmIsz3GcjHqimiTsW02','33102247-42cd-4039-83c4-83f537540e7e','OFFER',0,0,0,0,1,0,0,0,'Abu Dhabi','United Arab Emirates',1,'2020-09-30 13:51:46','2020-09-30 13:51:46'),(195,'ZtmIsz3GcjHqimiTsW02','e0af434e-9071-45e0-9d22-39438dca2f3e','OFFER',0,0,0,0,1,0,0,0,'Abu Dhabi','United Arab Emirates',1,'2020-09-30 13:51:48','2020-09-30 13:51:48'),(196,'ZtmIsz3GcjHqimiTsW02','bb452f43-e07d-4df1-b5a7-0045c5ec28d5','OFFER',0,0,0,0,1,0,0,0,'Al Ain','United Arab Emirates',1,'2020-09-30 13:55:18','2020-09-30 13:55:18'),(197,'ZtmIsz3GcjHqimiTsW02','001e873a-3cff-4c3e-8df2-735b24ed5559','OFFER',0,0,0,0,1,0,0,0,'Al Ain','United Arab Emirates',1,'2020-09-30 13:55:20','2020-09-30 13:55:20'),(198,'658dOJtV0XCJs7ZeeMb7','0c61a458-6275-454a-b84a-b026f2e67217','OFFER',0,0,0,0,0,0,0,0,'Dubai','United Arab Emirates',1,'2020-10-01 05:23:49','2020-10-05 11:16:38'),(199,'658dOJtV0XCJs7ZeeMb7','14defaee-9f07-4d70-9e2c-acf6e34028c7','OFFER',0,0,0,0,0,0,0,0,'Dubai','United Arab Emirates',1,'2020-10-01 05:28:50','2020-10-01 05:28:51'),(200,'FbhAeMwt7Deu8RI2A2C1','f6a272af-bb1f-44d9-870b-ae4986233da5','OFFER',0,0,0,0,0,0,0,0,'Dubai','United Arab Emirates',1,'2020-10-01 09:53:48','2020-10-05 06:52:38'),(201,'FbhAeMwt7Deu8RI2A2C1','c8f84368-9437-4440-b8c5-c557f192f944','OFFER',0,0,0,0,0,0,0,0,'Dubai','United Arab Emirates',1,'2020-10-01 09:53:52','2020-10-05 06:52:00'),(202,'LFkfByhkVgFxNhh8dSeQ','f6a272af-bb1f-44d9-870b-ae4986233da5','OFFER',0,0,0,0,1,0,0,0,'Dubai','United Arab Emirates',1,'2020-10-01 13:14:29','2020-10-01 13:42:44'),(203,'LFkfByhkVgFxNhh8dSeQ','91e81dd5-c625-412d-85d4-9824239640c4','OFFER',0,0,0,0,0,0,0,0,'Dubai','United Arab Emirates',1,'2020-10-01 13:21:34','2020-10-01 13:43:07'),(204,'LFkfByhkVgFxNhh8dSeQ','c8f84368-9437-4440-b8c5-c557f192f944','OFFER',0,0,0,0,0,0,0,0,'Dubai','United Arab Emirates',1,'2020-10-01 13:22:01','2020-10-01 13:43:22'),(205,'LFkfByhkVgFxNhh8dSeQ','14defaee-9f07-4d70-9e2c-acf6e34028c7','OFFER',0,0,0,0,1,0,0,0,'Dubai','United Arab Emirates',1,'2020-10-01 13:42:46','2020-10-01 13:42:46'),(206,'LFkfByhkVgFxNhh8dSeQ','c93b1e5a-f053-41a5-9d45-aa464d990395','OFFER',0,0,0,0,1,0,0,0,'Dubai','United Arab Emirates',1,'2020-10-01 13:42:47','2020-10-01 13:42:47'),(207,'LFkfByhkVgFxNhh8dSeQ','73663d69-77fc-46fd-a4e8-9a24db9ca426','OFFER',0,0,0,0,1,0,0,0,'Dubai','United Arab Emirates',1,'2020-10-01 13:42:48','2020-10-01 13:42:48'),(208,'LFkfByhkVgFxNhh8dSeQ','54f230eb-24e1-45dd-be93-0d9c785a8ca0','OFFER',0,0,0,0,1,0,0,0,'Dubai','United Arab Emirates',1,'2020-10-01 13:42:49','2020-10-01 13:42:49'),(209,'LFkfByhkVgFxNhh8dSeQ','88cdcd1f-1f22-4743-b3f7-8215bcf5d7c3','OFFER',0,0,0,0,1,0,0,0,'Dubai','United Arab Emirates',1,'2020-10-01 13:42:50','2020-10-01 13:42:50'),(210,'FbhAeMwt7Deu8RI2A2C1','91e81dd5-c625-412d-85d4-9824239640c4','OFFER',0,0,0,0,0,0,0,0,'Dubai','United Arab Emirates',1,'2020-10-05 06:52:14','2020-10-05 06:52:45'),(211,'FbhAeMwt7Deu8RI2A2C1','0c61a458-6275-454a-b84a-b026f2e67217','OFFER',0,0,0,0,0,0,0,0,'Dubai','United Arab Emirates',1,'2020-10-05 06:52:27','2020-10-05 06:52:40'),(212,'kr51xvlg0ccyaECN09TE','112233','OFFER',0,0,1,0,0,0,0,0,'Dubai','United Arab Emirates',1,'2020-10-06 09:01:25','2020-10-06 09:01:25'),(213,'kr51xvlg0ccyaECN09TE','39a4b491-42de-46e6-89b3-3464262205f3','OFFER',1,1,0,0,0,0,0,0,'Dubai','United Arab Emirates',1,'2020-10-06 09:01:25','2020-10-06 09:01:43'),(214,'kr51xvlg0ccyaECN09TE','1a4bea42-dc23-415b-84a4-5b2b3d46839c','OFFER',0,0,0,0,0,0,0,0,'Dubai','United Arab Emirates',1,'2020-10-09 07:58:59','2020-10-14 12:54:43'),(215,'kr51xvlg0ccyaECN09TE','ec5e12a5-7d4d-43a0-92ec-0d7ea3dc6fd9','OFFER',0,0,0,0,0,0,0,0,'Dubai','United Arab Emirates',1,'2020-10-09 07:59:00','2020-10-14 12:54:45'),(216,'kr51xvlg0ccyaECN09TE','4fa8ca2f-7d4d-4628-aa15-c7b40739ebb2','OFFER',0,0,0,0,1,0,0,0,'Dubai','United Arab Emirates',1,'2020-10-09 07:59:01','2020-10-14 12:50:22'),(217,'kr51xvlg0ccyaECN09TE','a5397164-4b5d-4722-bb46-13cefea30224','OFFER',0,0,0,0,0,0,0,0,'Dubai','United Arab Emirates',1,'2020-10-09 07:59:22','2020-10-09 09:49:15'),(218,'kr51xvlg0ccyaECN09TE','c2cf9766-5c39-47f9-9a17-0d85c1f447cb','OFFER',0,0,0,0,0,0,0,0,'Dubai','United Arab Emirates',1,'2020-10-09 07:59:31','2020-10-09 08:00:17'),(219,'kr51xvlg0ccyaECN09TE','16b6e3bf-2119-410e-aa7d-ee6754141c8e','OFFER',0,0,1,0,0,0,0,0,'Dubai','United Arab Emirates',1,'2020-10-12 06:05:21','2020-10-16 06:24:35'),(220,'kr51xvlg0ccyaECN09TE','237c2e32-86cf-4a43-a085-a6582ae75b45','OFFER',0,0,0,0,1,0,0,0,'Dubai','United Arab Emirates',1,'2020-10-12 11:17:45','2020-10-12 11:17:45'),(221,'kr51xvlg0ccyaECN09TE','8a04f520-d4d5-49a6-8be0-69c27008b1c8','OFFER',0,0,0,0,1,0,0,0,'Ajman','United Arab Emirates',1,'2020-10-12 12:36:48','2020-10-12 12:36:48'),(222,'kr51xvlg0ccyaECN09TE','722de013-d11c-4cb7-8b15-04d25a76dbe3','OFFER',0,0,0,0,1,0,0,0,'Ajman','United Arab Emirates',1,'2020-10-12 12:36:49','2020-10-12 12:36:49'),(223,'kr51xvlg0ccyaECN09TE','4185edee-7663-4c49-8bcc-489829f4e088','OFFER',0,0,0,0,1,0,0,0,'Ajman','United Arab Emirates',1,'2020-10-12 12:36:51','2020-10-12 12:36:51'),(224,'kr51xvlg0ccyaECN09TE','26a2e0d9-448f-43f6-a354-4a57a48d95ae','OFFER',0,0,0,0,1,0,0,0,'Ajman','United Arab Emirates',1,'2020-10-12 12:36:52','2020-10-12 12:36:52'),(225,'kr51xvlg0ccyaECN09TE','b2ba7638-1caa-419a-a757-f53134bc9b42','OFFER',0,0,0,0,0,0,0,0,'Ajman','United Arab Emirates',1,'2020-10-12 12:36:54','2020-10-12 12:38:32'),(226,'kr51xvlg0ccyaECN09TE','2ceab8bd-45f6-4047-8e1b-85c4198109f6','OFFER',0,0,0,0,1,0,0,0,'Ajman','United Arab Emirates',1,'2020-10-12 12:36:55','2020-10-12 12:36:55'),(227,'kr51xvlg0ccyaECN09TE','0c956c85-ae2d-425e-82c7-cecabe66b336','OFFER',0,0,0,0,0,0,0,0,'Ajman','United Arab Emirates',1,'2020-10-12 12:36:58','2020-10-12 12:38:29'),(228,'kr51xvlg0ccyaECN09TE','bcf63f1f-8e6f-40fa-b779-a5215eb32be9','OFFER',0,0,0,0,1,0,0,0,'Ajman','United Arab Emirates',1,'2020-10-12 12:37:00','2020-10-12 12:37:00'),(229,'ykDkB9g4BAnpEnX4OemR','4decf84c-3388-40c4-8983-fe8a35bb1b70','OFFER',0,0,0,0,1,0,0,0,'Dubai','United Arab Emirates',1,'2020-10-13 09:02:56','2020-10-20 12:56:07'),(230,'kr51xvlg0ccyaECN09TE','fb9aa4d5-48f9-419a-b143-a69593214313','OFFER',0,0,0,0,1,0,0,0,'Dubai','United Arab Emirates',1,'2020-10-13 10:04:17','2020-10-13 10:04:17'),(231,'kr51xvlg0ccyaECN09TE','55159666-36f7-4c7e-b771-5a5a744f3b94','OFFER',0,0,0,0,0,0,0,0,'Dubai','United Arab Emirates',1,'2020-10-14 12:50:24','2020-10-16 04:28:05'),(232,'kr51xvlg0ccyaECN09TE','83d5bd7d-e1a0-4a89-8108-704c2a3c6110','OFFER',0,0,0,0,1,0,0,0,'Dubai','United Arab Emirates',1,'2020-10-14 12:50:25','2020-10-14 12:50:25'),(233,'kr51xvlg0ccyaECN09TE','d84c856d-0334-45e5-9b63-e412fdfaa32d','OFFER',0,0,0,0,1,0,0,0,'Dubai','United Arab Emirates',1,'2020-10-14 12:50:26','2020-10-14 12:50:26'),(234,'kr51xvlg0ccyaECN09TE','e538eaae-5387-4e5c-a1da-d22f7b6c0587','OFFER',0,0,0,0,1,0,0,0,'Dubai','United Arab Emirates',1,'2020-10-14 12:50:27','2020-10-14 12:50:27'),(235,'kr51xvlg0ccyaECN09TE','10ff143c-6dd8-4b91-96db-c410fc1b57ba','OFFER',0,0,0,0,1,0,0,0,'Dubai','United Arab Emirates',1,'2020-10-14 12:50:28','2020-10-14 12:50:28'),(236,'kr51xvlg0ccyaECN09TE','8eec89d2-e09b-4033-86fc-7d0e5dc58b37','OFFER',0,0,0,0,1,0,0,0,'Dubai','United Arab Emirates',1,'2020-10-14 12:50:30','2020-10-14 12:50:30'),(237,'kr51xvlg0ccyaECN09TE','dee50b74-1cc9-449e-b379-61fee98d2d1e','OFFER',0,0,0,0,1,0,0,0,'Dubai','United Arab Emirates',1,'2020-10-14 12:50:31','2020-10-14 12:50:31'),(238,'kr51xvlg0ccyaECN09TE','5362b699-bd9a-4755-8198-d39f0037e546','OFFER',0,0,0,0,1,0,0,0,'Dubai','United Arab Emirates',1,'2020-10-14 12:50:34','2020-10-14 12:50:38'),(239,'kr51xvlg0ccyaECN09TE','df96efbf-320c-464b-a4b7-875563a490d4','OFFER',0,0,0,0,1,0,0,0,'Dubai','United Arab Emirates',1,'2020-10-14 12:50:39','2020-10-14 12:50:39'),(240,'kr51xvlg0ccyaECN09TE','2ed497ac-b2f7-42e7-ab08-0d36d0a5b6b8','OFFER',0,0,0,0,1,0,0,0,'Dubai','United Arab Emirates',1,'2020-10-14 12:50:40','2020-10-14 12:50:44'),(241,'kr51xvlg0ccyaECN09TE','26c32498-abfe-4166-bb4f-7e55d34086e6','OFFER',0,0,0,0,1,0,0,0,'Dubai','United Arab Emirates',1,'2020-10-14 12:50:46','2020-10-14 12:50:46'),(242,'kr51xvlg0ccyaECN09TE','3a2e3196-5da2-42c1-a4e1-fcd2b9bca41a','OFFER',0,0,0,0,1,0,0,0,'Dubai','United Arab Emirates',1,'2020-10-14 12:50:47','2020-10-14 12:50:47'),(243,'kr51xvlg0ccyaECN09TE','ce9f58b5-1ae9-4de0-8254-86c1bce31344','OFFER',0,0,0,0,1,0,0,0,'Dubai','United Arab Emirates',1,'2020-10-14 12:50:49','2020-10-14 12:50:49'),(244,'kr51xvlg0ccyaECN09TE','d751050c-4015-47fc-a59c-c69f3d752459','OFFER',0,0,0,0,1,0,0,0,'Dubai','United Arab Emirates',1,'2020-10-14 12:50:51','2020-10-14 12:50:51'),(245,'kr51xvlg0ccyaECN09TE','75766f0c-5586-4927-94a1-de62c725c271','OFFER',0,0,0,0,1,0,0,0,'Dubai','United Arab Emirates',1,'2020-10-14 12:50:52','2020-10-14 12:50:52'),(246,'kr51xvlg0ccyaECN09TE','ff614853-c252-4885-8743-fbaedda26bf8','OFFER',0,0,0,0,1,0,0,0,'Dubai','United Arab Emirates',1,'2020-10-14 12:50:53','2020-10-14 12:50:53'),(247,'kr51xvlg0ccyaECN09TE','9a297917-0cf5-4b0f-a5a3-6b2002e7481b','OFFER',0,0,0,0,1,0,0,0,'Dubai','United Arab Emirates',1,'2020-10-14 12:50:54','2020-10-14 12:50:54'),(248,'UeAjowVy3mUlPyBcuYWg','4decf84c-3388-40c4-8983-fe8a35bb1b70','OFFER',0,0,0,0,1,0,0,0,'Dubai','United Arab Emirates',1,'2020-10-15 13:02:07','2020-10-15 13:02:36'),(249,'ykDkB9g4BAnpEnX4OemR','237c2e32-86cf-4a43-a085-a6582ae75b45','OFFER',0,0,0,0,1,0,0,0,'Dubai','United Arab Emirates',1,'2020-10-15 16:20:08','2020-10-21 07:20:05'),(250,'ykDkB9g4BAnpEnX4OemR','366e8771-0c11-4ff3-8ca9-fa78e14a7c57','OFFER',0,0,0,0,0,0,0,0,'Dubai','United Arab Emirates',1,'2020-10-15 16:20:09','2020-10-19 13:54:52'),(251,'ykDkB9g4BAnpEnX4OemR','072759d5-068e-4e5f-a52d-2b73a029568f','OFFER',0,0,0,0,0,0,0,0,'Dubai','United Arab Emirates',1,'2020-10-15 16:20:11','2020-10-16 04:39:23'),(252,'ykDkB9g4BAnpEnX4OemR','1bad00ed-9d95-4f74-bb7d-a508d2f9f7ca','OFFER',0,0,0,0,0,0,0,0,'Dubai','United Arab Emirates',1,'2020-10-15 16:20:12','2020-10-16 12:18:59'),(253,'ykDkB9g4BAnpEnX4OemR','1a4bea42-dc23-415b-84a4-5b2b3d46839c','OFFER',0,0,0,0,0,0,0,0,'Dubai','United Arab Emirates',1,'2020-10-15 16:20:16','2020-10-19 14:07:11'),(254,'ykDkB9g4BAnpEnX4OemR','16b6e3bf-2119-410e-aa7d-ee6754141c8e','OFFER',0,0,0,0,1,0,0,0,'Dubai','United Arab Emirates',1,'2020-10-15 17:08:44','2020-10-20 15:41:41'),(255,'ykDkB9g4BAnpEnX4OemR','72e3fc30-b8f7-4ecc-aa9d-8c85c92ed772','OFFER',0,0,0,0,1,0,0,0,'Dubai','United Arab Emirates',1,'2020-10-15 17:08:44','2020-10-15 17:08:44'),(256,'ykDkB9g4BAnpEnX4OemR','05b5acbd-874b-4dc8-860c-2df30dbdd2cf','OFFER',0,0,0,0,1,0,0,0,'Dubai','United Arab Emirates',1,'2020-10-15 17:08:45','2020-10-15 17:08:45'),(257,'ykDkB9g4BAnpEnX4OemR','1396441c-a476-4fa6-8d26-941292556a83','OFFER',0,0,0,0,1,0,0,0,'Dubai','United Arab Emirates',1,'2020-10-15 17:08:46','2020-10-15 17:08:46'),(258,'ykDkB9g4BAnpEnX4OemR','9000309f-bc44-49f7-8758-4a3c06a12cde','OFFER',0,0,0,0,1,0,0,0,'Dubai','United Arab Emirates',1,'2020-10-15 17:08:47','2020-10-15 17:08:47'),(259,'ykDkB9g4BAnpEnX4OemR','95a5875d-bd0b-417f-b4a3-663dda91bc53','OFFER',0,0,0,0,1,0,0,0,'Dubai','United Arab Emirates',1,'2020-10-15 17:08:48','2020-10-15 17:08:48'),(260,'ykDkB9g4BAnpEnX4OemR','39a4b491-42de-46e6-89b3-3464262205f3','OFFER',0,0,0,0,1,0,0,0,'Dubai','United Arab Emirates',1,'2020-10-15 17:08:49','2020-10-15 17:08:49'),(261,'ykDkB9g4BAnpEnX4OemR','3000c235-964d-40df-ada8-77ff2229adde','OFFER',0,0,0,0,1,0,0,0,'Dubai','United Arab Emirates',1,'2020-10-15 17:08:50','2020-10-15 17:08:50'),(262,'ykDkB9g4BAnpEnX4OemR','e0842c92-c419-46a6-a9bd-6e972d985d4e','OFFER',0,0,0,0,1,0,0,0,'Dubai','United Arab Emirates',1,'2020-10-15 17:08:51','2020-10-15 17:08:51'),(263,'ykDkB9g4BAnpEnX4OemR','db0f4a82-5fd6-482a-95de-70ea33c083d6','OFFER',0,0,0,0,1,0,0,0,'Dubai','United Arab Emirates',1,'2020-10-15 17:08:52','2020-10-15 17:08:52'),(264,'ykDkB9g4BAnpEnX4OemR','9d239e8b-27ce-43f5-992b-6ce54e8be861','OFFER',0,0,0,0,1,0,0,0,'Dubai','United Arab Emirates',1,'2020-10-15 17:08:53','2020-10-15 17:08:53'),(265,'ykDkB9g4BAnpEnX4OemR','0482d9de-aabe-4d15-8457-cb3fe3b4c30b','OFFER',0,0,0,0,1,0,0,0,'Dubai','United Arab Emirates',1,'2020-10-15 17:08:54','2020-10-15 17:08:54'),(266,'ykDkB9g4BAnpEnX4OemR','a5397164-4b5d-4722-bb46-13cefea30224','OFFER',0,0,0,0,1,0,0,0,'Dubai','United Arab Emirates',1,'2020-10-15 17:08:55','2020-10-15 17:08:55'),(267,'ykDkB9g4BAnpEnX4OemR','0f6e7abc-1def-4bc9-aaba-149e5840beab','OFFER',0,0,0,0,1,0,0,0,'Dubai','United Arab Emirates',1,'2020-10-15 17:08:57','2020-10-15 17:09:00'),(268,'ykDkB9g4BAnpEnX4OemR','4b39b3fb-0d11-43c0-aa92-0049ff2c9e1c','OFFER',0,0,0,0,1,0,0,0,'Dubai','United Arab Emirates',1,'2020-10-15 17:09:01','2020-10-15 17:09:01'),(269,'ykDkB9g4BAnpEnX4OemR','17ecd142-bda9-4ab1-81bb-53053b4b61a5','OFFER',0,0,0,0,1,0,0,0,'Dubai','United Arab Emirates',1,'2020-10-15 17:09:02','2020-10-15 17:09:02'),(270,'ykDkB9g4BAnpEnX4OemR','7ba2eb7c-f527-4e5c-a4e8-62dade64842d','OFFER',0,0,0,0,1,0,0,0,'Dubai','United Arab Emirates',1,'2020-10-15 17:09:03','2020-10-15 17:09:03'),(271,'ykDkB9g4BAnpEnX4OemR','ad71d6f9-6b7f-4d7b-a4e2-e69f8f0fc3c2','OFFER',0,0,0,0,1,0,0,0,'Dubai','United Arab Emirates',1,'2020-10-15 17:09:04','2020-10-15 17:09:04'),(272,'ykDkB9g4BAnpEnX4OemR','c2532e4c-16b3-4abb-9491-769ac45b3fbf','OFFER',0,0,0,0,1,0,0,0,'Dubai','United Arab Emirates',1,'2020-10-15 17:09:05','2020-10-15 17:09:05'),(273,'ykDkB9g4BAnpEnX4OemR','52c31082-e3af-4c13-964d-f016f8f6b430','OFFER',0,0,0,0,1,0,0,0,'Dubai','United Arab Emirates',1,'2020-10-15 17:09:06','2020-10-15 17:09:06'),(274,'ykDkB9g4BAnpEnX4OemR','08c65000-1c10-494b-9ab3-4bc4d6d63321','OFFER',0,0,0,0,1,0,0,0,'Dubai','United Arab Emirates',1,'2020-10-15 17:09:08','2020-10-15 17:09:08'),(275,'ykDkB9g4BAnpEnX4OemR','5e05a6b5-ba3e-4948-9544-d7d534ea149f','OFFER',0,0,0,0,1,0,0,0,'Dubai','United Arab Emirates',1,'2020-10-15 17:09:08','2020-10-15 17:09:08'),(276,'ykDkB9g4BAnpEnX4OemR','3fcdc6e2-1920-4939-90ae-67bf4118ecd3','OFFER',0,0,0,0,1,0,0,0,'Dubai','United Arab Emirates',1,'2020-10-15 17:09:09','2020-10-15 17:09:09'),(277,'ykDkB9g4BAnpEnX4OemR','a002a766-3d00-46bb-ae01-481c1b81a6c6','OFFER',0,0,0,0,1,0,0,0,'Dubai','United Arab Emirates',1,'2020-10-15 17:09:10','2020-10-15 17:09:10'),(278,'ykDkB9g4BAnpEnX4OemR','b4cb381e-b139-4a98-90c9-3e3df1ec58db','OFFER',0,0,0,0,1,0,0,0,'Dubai','United Arab Emirates',1,'2020-10-15 17:09:11','2020-10-15 17:09:11'),(279,'ykDkB9g4BAnpEnX4OemR','79df6b29-cd32-4bcd-bdda-c76b5fcd4f6f','OFFER',0,0,0,0,1,0,0,0,'Dubai','United Arab Emirates',1,'2020-10-15 17:09:12','2020-10-15 17:09:12'),(280,'ykDkB9g4BAnpEnX4OemR','c7b92273-28fe-4473-b2a6-75d982c58216','OFFER',0,0,0,0,1,0,0,0,'Dubai','United Arab Emirates',1,'2020-10-15 17:09:15','2020-10-15 17:09:15'),(281,'ykDkB9g4BAnpEnX4OemR','e0eff313-9fe0-4ceb-a935-959158e9db69','OFFER',0,0,0,0,1,0,0,0,'Dubai','United Arab Emirates',1,'2020-10-15 17:09:16','2020-10-15 17:09:16'),(282,'ykDkB9g4BAnpEnX4OemR','e27f9041-0cf1-4a8b-87fa-97aed7d5e66f','OFFER',0,0,0,0,1,0,0,0,'Dubai','United Arab Emirates',1,'2020-10-15 17:09:17','2020-10-15 17:09:17'),(283,'ykDkB9g4BAnpEnX4OemR','d231ae96-daaf-4a21-bc11-6c9352f2469f','OFFER',0,0,0,0,1,0,0,0,'Dubai','United Arab Emirates',1,'2020-10-15 17:09:18','2020-10-15 17:09:18'),(284,'ykDkB9g4BAnpEnX4OemR','91ad4cce-6b92-4a09-a253-4c1db3f64668','OFFER',0,0,0,0,1,0,0,0,'Dubai','United Arab Emirates',1,'2020-10-15 17:09:18','2020-10-15 17:09:18'),(285,'ykDkB9g4BAnpEnX4OemR','7b081c1c-333d-4351-90cf-81a23ad8b628','OFFER',0,0,0,0,1,0,0,0,'Dubai','United Arab Emirates',1,'2020-10-15 17:09:19','2020-10-15 17:09:19'),(286,'ykDkB9g4BAnpEnX4OemR','335d171c-ea5a-41b2-92d8-0f38470dc338','OFFER',0,0,0,0,1,0,0,0,'Dubai','United Arab Emirates',1,'2020-10-15 17:09:20','2020-10-15 17:09:20'),(287,'ykDkB9g4BAnpEnX4OemR','9998f0b1-485f-4c29-b8b1-24549b36742a','OFFER',0,0,0,0,1,0,0,0,'Dubai','United Arab Emirates',1,'2020-10-15 17:09:22','2020-10-15 17:09:22'),(288,'ykDkB9g4BAnpEnX4OemR','53c35114-323a-4cca-b20b-0e2ba47a64fe','OFFER',0,0,0,0,1,0,0,0,'Dubai','United Arab Emirates',1,'2020-10-15 17:09:23','2020-10-15 17:09:23'),(289,'ykDkB9g4BAnpEnX4OemR','024eb4b0-62d0-4c0c-8b96-69908727e73a','OFFER',0,0,0,0,1,0,0,0,'Dubai','United Arab Emirates',1,'2020-10-15 17:09:23','2020-10-15 17:09:23'),(290,'ykDkB9g4BAnpEnX4OemR','14defaee-9f07-4d70-9e2c-acf6e34028c7','OFFER',0,0,0,0,1,0,0,0,'Dubai','United Arab Emirates',1,'2020-10-15 17:09:24','2020-10-15 17:09:24'),(291,'ykDkB9g4BAnpEnX4OemR','33941eec-4a79-4f88-a992-b5e2ac78078c','OFFER',0,0,0,0,1,0,0,0,'Dubai','United Arab Emirates',1,'2020-10-15 17:09:26','2020-10-15 17:09:26'),(292,'ykDkB9g4BAnpEnX4OemR','4daf702b-61a0-4e22-a219-88940eafcafb','OFFER',0,0,0,0,1,0,0,0,'Dubai','United Arab Emirates',1,'2020-10-15 17:09:27','2020-10-15 17:09:27'),(293,'ykDkB9g4BAnpEnX4OemR','df527f9f-18ec-4dee-bc16-7fc8aedcdacb','OFFER',0,0,0,0,1,0,0,0,'Dubai','United Arab Emirates',1,'2020-10-15 17:09:28','2020-10-15 17:09:28'),(294,'ykDkB9g4BAnpEnX4OemR','02989798-b2af-48f0-afb2-27cf4dfe2a03','OFFER',0,0,0,0,1,0,0,0,'Dubai','United Arab Emirates',1,'2020-10-15 17:09:29','2020-10-15 17:09:29'),(295,'ykDkB9g4BAnpEnX4OemR','7c88b76e-0f22-4cbf-9a48-526fb0bf3fd9','OFFER',0,0,0,0,1,0,0,0,'Dubai','United Arab Emirates',1,'2020-10-15 17:09:30','2020-10-15 17:09:30'),(296,'ykDkB9g4BAnpEnX4OemR','09ba3b6d-6c47-41c7-8855-c3c4335d24ca','OFFER',0,0,0,0,1,0,0,0,'Dubai','United Arab Emirates',1,'2020-10-15 17:09:31','2020-10-15 17:09:31'),(297,'ykDkB9g4BAnpEnX4OemR','dbd1aa46-a1e8-4a28-a674-d0f02112e269','OFFER',0,0,0,0,1,0,0,0,'Dubai','United Arab Emirates',1,'2020-10-15 17:09:32','2020-10-15 17:09:32'),(298,'ykDkB9g4BAnpEnX4OemR','63cda955-4e0e-4d98-ba25-2c9396c2fd4e','OFFER',0,0,0,0,1,0,0,0,'Dubai','United Arab Emirates',1,'2020-10-15 17:09:34','2020-10-15 17:09:34'),(299,'ykDkB9g4BAnpEnX4OemR','ac7b2682-cb4d-449b-8544-4fc0106a6b30','OFFER',0,0,0,0,1,0,0,0,'Dubai','United Arab Emirates',1,'2020-10-15 17:09:35','2020-10-15 17:09:35'),(300,'ykDkB9g4BAnpEnX4OemR','f3b04f8c-d6fd-44eb-9c83-f20c1d28fbe8','OFFER',0,0,0,0,1,0,0,0,'Dubai','United Arab Emirates',1,'2020-10-15 17:09:36','2020-10-15 17:09:36'),(301,'ykDkB9g4BAnpEnX4OemR','d0fe9ea3-d4e3-4f79-821e-ece8f96f19b2','OFFER',0,0,0,0,1,0,0,0,'Dubai','United Arab Emirates',1,'2020-10-15 17:09:37','2020-10-15 17:09:37'),(302,'ykDkB9g4BAnpEnX4OemR','3666bccd-7d7c-4546-b8fa-521be4f7cee0','OFFER',0,0,0,0,1,0,0,0,'Dubai','United Arab Emirates',1,'2020-10-15 17:09:38','2020-10-15 17:09:38'),(303,'ykDkB9g4BAnpEnX4OemR','9c69596e-4100-4d36-b01c-c7d969582382','OFFER',0,0,0,0,1,0,0,0,'Dubai','United Arab Emirates',1,'2020-10-15 17:09:39','2020-10-15 17:09:39'),(304,'ykDkB9g4BAnpEnX4OemR','eeef7810-8a94-4a89-983a-fddb37844ae8','OFFER',0,0,0,0,1,0,0,0,'Dubai','United Arab Emirates',1,'2020-10-15 17:09:40','2020-10-15 17:09:40'),(305,'ykDkB9g4BAnpEnX4OemR','86bc48d9-1341-4dfc-a454-2ecb74787526','OFFER',0,0,0,0,1,0,0,0,'Dubai','United Arab Emirates',1,'2020-10-15 17:09:41','2020-10-15 17:09:41'),(306,'ykDkB9g4BAnpEnX4OemR','0257f812-fba6-4c44-93c3-55233fc085df','OFFER',0,0,0,0,1,0,0,0,'Dubai','United Arab Emirates',1,'2020-10-15 17:09:42','2020-10-15 17:09:42'),(307,'ykDkB9g4BAnpEnX4OemR','39cbb4b7-9f86-45ac-8e00-053e881053de','OFFER',0,0,0,0,1,0,0,0,'Dubai','United Arab Emirates',1,'2020-10-15 17:09:43','2020-10-15 17:09:43'),(308,'ykDkB9g4BAnpEnX4OemR','e84dfdfd-2314-4929-9ca7-c6654abf9dae','OFFER',0,0,0,0,1,0,0,0,'Dubai','United Arab Emirates',1,'2020-10-15 17:09:44','2020-10-15 17:09:44'),(309,'ykDkB9g4BAnpEnX4OemR','d58441a4-f117-43b8-be44-b109dc0e5356','OFFER',0,0,0,0,1,0,0,0,'Dubai','United Arab Emirates',1,'2020-10-15 17:09:45','2020-10-15 17:09:45'),(310,'ykDkB9g4BAnpEnX4OemR','88698414-0099-45b6-bf6a-86c4c20c7e2b','OFFER',0,0,0,0,1,0,0,0,'Dubai','United Arab Emirates',1,'2020-10-15 17:09:46','2020-10-15 17:09:46'),(311,'ykDkB9g4BAnpEnX4OemR','59fd4dce-42b5-4423-b86e-603b22ee4e65','OFFER',0,0,0,0,1,0,0,0,'Dubai','United Arab Emirates',1,'2020-10-15 17:09:47','2020-10-15 17:09:47'),(312,'ykDkB9g4BAnpEnX4OemR','90230186-4340-42ab-8410-72c9069a6a7b','OFFER',0,0,0,0,1,0,0,0,'Dubai','United Arab Emirates',1,'2020-10-15 17:09:49','2020-10-15 17:09:49'),(313,'ykDkB9g4BAnpEnX4OemR','0b3605b7-0311-4f9f-ba15-904950a95895','OFFER',0,0,0,0,1,0,0,0,'Dubai','United Arab Emirates',1,'2020-10-15 17:09:50','2020-10-15 17:09:50'),(314,'ykDkB9g4BAnpEnX4OemR','fb5c6c18-513a-4487-a0a4-a7eeca909d11','OFFER',0,0,0,0,1,0,0,0,'Dubai','United Arab Emirates',1,'2020-10-15 17:09:50','2020-10-15 17:09:50'),(315,'ykDkB9g4BAnpEnX4OemR','8e562ab1-9e50-4704-a45e-f4d8dff011f7','OFFER',0,0,0,0,1,0,0,0,'Dubai','United Arab Emirates',1,'2020-10-15 17:09:52','2020-10-15 17:09:52'),(316,'ykDkB9g4BAnpEnX4OemR','2d06f9c5-2891-43c8-b133-92af57d1d3b8','OFFER',0,0,0,0,1,0,0,0,'Dubai','United Arab Emirates',1,'2020-10-15 17:09:53','2020-10-15 17:09:53'),(317,'ykDkB9g4BAnpEnX4OemR','4a94119b-6e51-4544-9c5d-c1e5ef1e24cf','OFFER',0,0,0,0,1,0,0,0,'Dubai','United Arab Emirates',1,'2020-10-15 17:09:54','2020-10-15 17:09:54'),(318,'ykDkB9g4BAnpEnX4OemR','a51f38a7-6828-4677-867e-cb665bd7acdb','OFFER',0,0,0,0,1,0,0,0,'Dubai','United Arab Emirates',1,'2020-10-15 17:09:56','2020-10-15 17:09:56'),(319,'ykDkB9g4BAnpEnX4OemR','5c4b9bcc-c0af-4830-a3c8-0e5680897837','OFFER',0,0,0,0,0,0,0,0,'Dubai','United Arab Emirates',1,'2020-10-15 17:09:58','2020-10-19 13:54:54'),(320,'ykDkB9g4BAnpEnX4OemR','0a8f36ff-483f-4a15-928b-28bd96baf072','OFFER',0,0,0,0,0,0,0,0,'Dubai','United Arab Emirates',1,'2020-10-15 17:10:00','2020-10-15 17:20:25'),(321,'ykDkB9g4BAnpEnX4OemR','ec7fae98-f728-4a51-a4b4-ae0a3944e6a8','OFFER',0,0,0,0,0,0,0,0,'Dubai','United Arab Emirates',1,'2020-10-15 17:10:01','2020-10-19 13:54:55'),(322,'ykDkB9g4BAnpEnX4OemR','f0eca0b7-0c01-4b87-a0f3-f984bc42cc9b','OFFER',0,0,0,0,0,0,0,0,'Dubai','United Arab Emirates',1,'2020-10-15 17:10:02','2020-10-19 13:54:29'),(323,'ykDkB9g4BAnpEnX4OemR','aec78dea-6817-495b-b70a-855bdde9510b','OFFER',0,0,0,0,0,0,0,0,'Dubai','United Arab Emirates',1,'2020-10-15 17:10:03','2020-10-19 13:55:01'),(324,'ykDkB9g4BAnpEnX4OemR','d6987dc5-aa11-4152-8b54-0411b0bcebae','OFFER',0,0,0,0,0,0,0,0,'Dubai','United Arab Emirates',1,'2020-10-15 17:10:04','2020-10-19 13:55:03'),(325,'ykDkB9g4BAnpEnX4OemR','1fa4c7c8-3d1a-48f8-ad08-5a6ca9a93406','OFFER',0,0,0,0,0,0,0,0,'Dubai','United Arab Emirates',1,'2020-10-15 17:10:05','2020-10-19 13:55:04'),(326,'ykDkB9g4BAnpEnX4OemR','cc4d544b-8fb3-4d95-b7cb-f143ffac2d74','OFFER',0,0,0,0,1,0,0,0,'Dubai','United Arab Emirates',1,'2020-10-15 17:10:07','2020-10-15 17:10:07'),(327,'ykDkB9g4BAnpEnX4OemR','68ffdfcf-463e-4d2d-bc1f-db475cbd84af','OFFER',0,0,0,0,1,0,0,0,'Dubai','United Arab Emirates',1,'2020-10-15 17:10:08','2020-10-15 17:10:08'),(328,'ykDkB9g4BAnpEnX4OemR','f10ff768-1e9f-4143-b7ba-526f7169f781','OFFER',0,0,0,0,1,0,0,0,'Dubai','United Arab Emirates',1,'2020-10-15 17:10:09','2020-10-15 17:10:09'),(329,'ykDkB9g4BAnpEnX4OemR','499eee80-a195-4683-8745-7cacb849d56c','OFFER',0,0,0,0,1,0,0,0,'Dubai','United Arab Emirates',1,'2020-10-15 17:10:09','2020-10-15 17:10:09'),(330,'ykDkB9g4BAnpEnX4OemR','98fa6227-78e4-4893-bb08-04150e0786e1','OFFER',0,0,0,0,0,0,0,0,'Dubai','United Arab Emirates',1,'2020-10-15 17:10:11','2020-10-20 12:56:03'),(331,'ykDkB9g4BAnpEnX4OemR','a5478e93-fdb3-49dd-b04a-71e53800ee7a','OFFER',0,0,0,0,1,0,0,0,'Dubai','United Arab Emirates',1,'2020-10-15 17:10:12','2020-10-15 17:10:12'),(332,'ykDkB9g4BAnpEnX4OemR','8dbaa6b6-180e-400a-9c5c-aa55f31b74c7','OFFER',0,0,0,0,1,0,0,0,'Dubai','United Arab Emirates',1,'2020-10-15 17:10:13','2020-10-15 17:10:13'),(333,'ykDkB9g4BAnpEnX4OemR','5bd05f4d-4db3-4bc6-8d7f-136089e94248','OFFER',0,0,0,0,1,0,0,0,'Dubai','United Arab Emirates',1,'2020-10-15 17:10:14','2020-10-15 17:10:14'),(334,'ykDkB9g4BAnpEnX4OemR','d07e19f7-f1fc-42e4-9964-7971ae1a4adc','OFFER',0,0,0,0,1,0,0,0,'Dubai','United Arab Emirates',1,'2020-10-15 17:10:17','2020-10-15 17:10:17'),(335,'ykDkB9g4BAnpEnX4OemR','d863959e-9c64-4bb0-bd86-e255e0beb696','OFFER',0,0,0,0,1,0,0,0,'Dubai','United Arab Emirates',1,'2020-10-15 17:10:20','2020-10-21 05:54:12'),(336,'ykDkB9g4BAnpEnX4OemR','dbb865e3-7391-4768-8b1d-255e7c4b4db9','OFFER',0,0,0,0,1,0,0,0,'Dubai','United Arab Emirates',1,'2020-10-15 17:10:21','2020-10-15 17:10:21'),(337,'ykDkB9g4BAnpEnX4OemR','9a445ed6-fb8f-41be-baf6-b3b034004da8','OFFER',0,0,0,0,1,0,0,0,'Dubai','United Arab Emirates',1,'2020-10-15 17:10:22','2020-10-15 17:10:22'),(338,'ykDkB9g4BAnpEnX4OemR','4cc90f43-4bc2-4fe6-b354-eeb07a92a9a0','OFFER',0,0,0,0,1,0,0,0,'Dubai','United Arab Emirates',1,'2020-10-15 17:10:24','2020-10-15 17:10:24'),(339,'ykDkB9g4BAnpEnX4OemR','e322eaf3-4357-4309-b5bb-4e9e02006ed3','OFFER',0,0,0,0,1,0,0,0,'Dubai','United Arab Emirates',1,'2020-10-15 17:10:25','2020-10-15 17:10:25'),(340,'ykDkB9g4BAnpEnX4OemR','baec98fe-55a5-4709-8460-bb6d3039981b','OFFER',0,0,0,0,1,0,0,0,'Dubai','United Arab Emirates',1,'2020-10-15 17:10:25','2020-10-15 17:10:25'),(341,'ykDkB9g4BAnpEnX4OemR','4e57ee57-0357-4d2f-8e24-13a228007eea','OFFER',0,0,0,0,1,0,0,0,'Dubai','United Arab Emirates',1,'2020-10-15 17:10:27','2020-10-15 17:10:27'),(342,'ykDkB9g4BAnpEnX4OemR','9c0c0a73-b2e1-407c-a310-09fcd3230b06','OFFER',0,0,0,0,1,0,0,0,'Dubai','United Arab Emirates',1,'2020-10-15 17:10:28','2020-10-15 17:10:28'),(343,'ykDkB9g4BAnpEnX4OemR','adb1a243-ca85-44a7-9166-8657aee94cbe','OFFER',0,0,0,0,1,0,0,0,'Dubai','United Arab Emirates',1,'2020-10-15 17:10:29','2020-10-15 17:10:29'),(344,'ykDkB9g4BAnpEnX4OemR','cd33748f-e4ca-476e-bd4b-210cd47b65f0','OFFER',0,0,0,0,1,0,0,0,'Dubai','United Arab Emirates',1,'2020-10-15 17:10:30','2020-10-15 17:10:30'),(345,'ykDkB9g4BAnpEnX4OemR','112263c4-30a2-49d0-90df-4a0f26769df8','OFFER',0,0,0,0,1,0,0,0,'Dubai','United Arab Emirates',1,'2020-10-15 17:10:31','2020-10-15 17:10:31'),(346,'ykDkB9g4BAnpEnX4OemR','2235aa3c-e870-4364-aeab-8c98c2257480','OFFER',0,0,0,0,1,0,0,0,'Dubai','United Arab Emirates',1,'2020-10-15 17:10:32','2020-10-15 17:10:32'),(347,'ykDkB9g4BAnpEnX4OemR','90d4e119-6bf1-47d3-a7c1-2f2256280bd3','OFFER',0,0,0,0,1,0,0,0,'Dubai','United Arab Emirates',1,'2020-10-15 17:10:33','2020-10-15 17:10:33'),(348,'ykDkB9g4BAnpEnX4OemR','52bea5df-a77f-468b-857e-76386360f4cd','OFFER',0,0,0,0,1,0,0,0,'Dubai','United Arab Emirates',1,'2020-10-15 17:10:34','2020-10-15 17:10:34'),(349,'ykDkB9g4BAnpEnX4OemR','dac195f1-38fd-4ee7-a008-d79ad1b84076','OFFER',0,0,0,0,1,0,0,0,'Dubai','United Arab Emirates',1,'2020-10-15 17:10:35','2020-10-15 17:10:35'),(350,'ykDkB9g4BAnpEnX4OemR','8a16375f-a4c6-46a9-a5f3-9452cba08d58','OFFER',0,0,0,0,1,0,0,0,'Dubai','United Arab Emirates',1,'2020-10-15 17:10:36','2020-10-15 17:10:36'),(351,'ykDkB9g4BAnpEnX4OemR','06c09305-1332-4567-8f05-59ba44376908','OFFER',0,0,0,0,1,0,0,0,'Dubai','United Arab Emirates',1,'2020-10-15 17:10:37','2020-10-15 17:10:37'),(352,'ykDkB9g4BAnpEnX4OemR','46b751e2-c2dd-4d8f-910c-48cd6dda4619','OFFER',0,0,0,0,1,0,0,0,'Dubai','United Arab Emirates',1,'2020-10-15 17:10:38','2020-10-15 17:10:38'),(353,'ykDkB9g4BAnpEnX4OemR','6b434205-977b-4548-a067-ba37422b94c7','OFFER',0,0,0,0,1,0,0,0,'Dubai','United Arab Emirates',1,'2020-10-15 17:10:39','2020-10-15 17:10:39'),(354,'ykDkB9g4BAnpEnX4OemR','f99aeeb2-eac1-42bb-9def-db47a20e90e4','OFFER',0,0,0,0,1,0,0,0,'Dubai','United Arab Emirates',1,'2020-10-15 17:10:40','2020-10-15 17:10:40'),(355,'ykDkB9g4BAnpEnX4OemR','3ba6ce54-7c28-4d10-95fd-8f684a56bb2f','OFFER',0,0,0,0,1,0,0,0,'Dubai','United Arab Emirates',1,'2020-10-15 17:10:41','2020-10-15 17:10:41'),(356,'ykDkB9g4BAnpEnX4OemR','fb3deff8-78dc-431c-be85-368254e577f5','OFFER',0,0,0,0,1,0,0,0,'Dubai','United Arab Emirates',1,'2020-10-15 17:10:42','2020-10-15 17:10:42'),(357,'ykDkB9g4BAnpEnX4OemR','d0df5771-5c1a-4c2e-9f79-717498dcdf1c','OFFER',0,0,0,0,1,0,0,0,'Dubai','United Arab Emirates',1,'2020-10-15 17:10:43','2020-10-15 17:10:43'),(358,'ykDkB9g4BAnpEnX4OemR','1e8a94bc-c43f-41a0-a028-7dbdcb9644de','OFFER',0,0,0,0,1,0,0,0,'Dubai','United Arab Emirates',1,'2020-10-15 17:10:44','2020-10-15 17:10:44'),(359,'ykDkB9g4BAnpEnX4OemR','244f5073-5831-4bd4-a2fe-0d46c685b2e9','OFFER',0,0,0,0,1,0,0,0,'Dubai','United Arab Emirates',1,'2020-10-15 17:10:45','2020-10-15 17:10:45'),(360,'ykDkB9g4BAnpEnX4OemR','3058c243-88b0-438d-999c-02c6b4885135','OFFER',0,0,0,0,1,0,0,0,'Dubai','United Arab Emirates',1,'2020-10-15 17:11:27','2020-10-15 17:11:27'),(361,'ykDkB9g4BAnpEnX4OemR','4168c376-ab28-4e9f-a2ea-d7ea84b2bb2b','OFFER',0,0,0,0,1,0,0,0,'Dubai','United Arab Emirates',1,'2020-10-15 17:11:28','2020-10-15 17:11:28'),(362,'ykDkB9g4BAnpEnX4OemR','8b414547-3142-4f50-8fa3-ee852d59b66f','OFFER',0,0,0,0,1,0,0,0,'Dubai','United Arab Emirates',1,'2020-10-15 17:11:31','2020-10-15 17:11:31'),(363,'ykDkB9g4BAnpEnX4OemR','e74ad74d-7720-4e0d-9f6f-9d013f64349c','OFFER',0,0,0,0,1,0,0,0,'Dubai','United Arab Emirates',1,'2020-10-15 17:11:33','2020-10-15 17:11:33'),(364,'ykDkB9g4BAnpEnX4OemR','e71bf45f-0b9b-464e-9344-9ba2b61fcf77','OFFER',0,0,0,0,1,0,0,0,'Dubai','United Arab Emirates',1,'2020-10-15 17:11:34','2020-10-15 17:11:34'),(365,'ykDkB9g4BAnpEnX4OemR','53055b03-f7ec-481e-9d6e-b0a9c1f41a70','OFFER',0,0,0,0,1,0,0,0,'Dubai','United Arab Emirates',1,'2020-10-15 17:11:34','2020-10-15 17:11:34'),(366,'ykDkB9g4BAnpEnX4OemR','395e14e7-6223-45c8-a7c8-f6b1485ace22','OFFER',0,0,0,0,1,0,0,0,'Dubai','United Arab Emirates',1,'2020-10-15 17:11:36','2020-10-15 17:11:36'),(367,'ykDkB9g4BAnpEnX4OemR','e16b432e-52fc-4e3b-a43d-c70f8eb2a1b5','OFFER',0,0,0,0,1,0,0,0,'Dubai','United Arab Emirates',1,'2020-10-15 17:11:37','2020-10-15 17:11:37'),(368,'ykDkB9g4BAnpEnX4OemR','d0e28215-8c29-4092-afca-a1e146bda5c1','OFFER',0,0,0,0,1,0,0,0,'Dubai','United Arab Emirates',1,'2020-10-15 17:11:38','2020-10-15 17:11:38'),(369,'ykDkB9g4BAnpEnX4OemR','714f347f-8ade-4393-a614-fb1a1bc417a5','OFFER',0,0,0,0,0,0,0,0,'Dubai','United Arab Emirates',1,'2020-10-15 17:11:39','2020-10-19 13:48:44'),(370,'ykDkB9g4BAnpEnX4OemR','f4139471-ebb7-442c-961b-ae4c53ab676b','OFFER',0,0,0,0,1,0,0,0,'Dubai','United Arab Emirates',1,'2020-10-15 17:11:40','2020-10-15 17:11:40'),(371,'kr51xvlg0ccyaECN09TE','9000309f-bc44-49f7-8758-4a3c06a12cde','OFFER',0,0,0,0,1,0,0,0,'Dubai','United Arab Emirates',1,'2020-10-16 00:51:02','2020-10-16 00:51:02'),(372,'kr51xvlg0ccyaECN09TE','05b5acbd-874b-4dc8-860c-2df30dbdd2cf','OFFER',0,0,0,0,1,0,0,0,'Dubai','United Arab Emirates',1,'2020-10-16 00:51:22','2020-10-16 00:51:22'),(373,'kr51xvlg0ccyaECN09TE','ef51821e-ae2b-4f29-b984-8051d600dcc1','OFFER',0,0,0,0,0,0,0,0,'Dubai','United Arab Emirates',1,'2020-10-16 04:31:04','2020-10-16 04:31:06'),(374,'kr51xvlg0ccyaECN09TE','3fcdc6e2-1920-4939-90ae-67bf4118ecd3','OFFER',0,0,0,0,1,0,0,0,'Dubai','United Arab Emirates',1,'2020-10-16 04:31:04','2020-10-16 04:31:04'),(375,'ykDkB9g4BAnpEnX4OemR','80182b92-8523-4379-ab84-79d9279bc77d','OFFER',0,0,0,0,0,0,0,0,'Dubai','United Arab Emirates',1,'2020-10-16 12:18:04','2020-10-19 12:16:47'),(376,'kr51xvlg0ccyaECN09TE','7a7e18e9-dbb3-44a9-ab92-4dbca7db2866','OFFER',0,0,0,0,0,0,0,0,'Abu Dhabi','United Arab Emirates',1,'2020-10-18 16:09:38','2020-10-18 16:09:39'),(377,'kr51xvlg0ccyaECN09TE','001e873a-3cff-4c3e-8df2-735b24ed5559','OFFER',0,0,0,0,1,0,0,0,'Al Ain','United Arab Emirates',1,'2020-10-19 06:47:53','2020-10-19 06:47:55'),(378,'kr51xvlg0ccyaECN09TE','e37213ea-e7cc-4207-acf3-feede1f0724b','OFFER',0,0,0,0,1,0,0,0,'Al Ain','United Arab Emirates',1,'2020-10-19 06:47:55','2020-10-19 06:47:55'),(379,'kr51xvlg0ccyaECN09TE','ecf6fae9-a85d-4c6f-89de-a2c0349b8f41','OFFER',0,0,0,0,1,0,0,0,'Dubai','United Arab Emirates',1,'2020-10-19 10:46:43','2020-10-19 10:46:43'),(380,'ykDkB9g4BAnpEnX4OemR','a5231227-f2b8-4c2b-aab2-9692b2036e4e','OFFER',0,0,0,0,1,0,0,0,'Dubai','United Arab Emirates',1,'2020-10-19 11:34:27','2020-10-19 11:34:27'),(381,'ykDkB9g4BAnpEnX4OemR','60d10235-8807-442a-baa9-e5cdfefe8318','OFFER',0,0,0,0,1,0,0,0,'Dubai','United Arab Emirates',1,'2020-10-19 13:48:38','2020-10-19 13:48:38'),(382,'ykDkB9g4BAnpEnX4OemR','50005819-4335-483c-bcdd-80b6bcf63306','OFFER',0,0,0,0,0,0,0,0,'Dubai','United Arab Emirates',1,'2020-10-19 13:48:40','2020-10-19 13:54:40'),(383,'ykDkB9g4BAnpEnX4OemR','c2cf9766-5c39-47f9-9a17-0d85c1f447cb','OFFER',0,0,0,0,0,0,0,0,'Dubai','United Arab Emirates',1,'2020-10-19 13:51:27','2020-10-19 13:51:30'),(384,'ykDkB9g4BAnpEnX4OemR','cb3f91c2-49ef-4a83-a5a9-2ced629bfe0a','OFFER',0,0,0,0,0,0,0,0,'Dubai','United Arab Emirates',1,'2020-10-19 14:01:40','2020-10-19 14:01:45'),(385,'kr51xvlg0ccyaECN09TE','72482512-1d84-4f6b-9365-0f290f620272','OFFER',0,0,0,0,1,0,0,0,'Abu Dhabi','United Arab Emirates',1,'2020-10-20 06:19:46','2020-10-20 06:19:46'),(386,'kr51xvlg0ccyaECN09TE','09bba3b2-258f-4330-ad0f-3b2fb72a29a0','OFFER',0,0,0,0,0,0,0,0,'Dubai','United Arab Emirates',1,'2020-10-20 09:00:28','2020-10-20 09:10:49'),(387,'Qfr4bf7cUaq2L3wv7Eq1','072759d5-068e-4e5f-a52d-2b73a029568f','OFFER',0,0,0,0,0,0,0,0,'Dubai','United Arab Emirates',1,'2020-10-20 10:10:22','2020-10-20 10:10:44'),(388,'QqBlG7ge2C5QedPlsJpM','2c491bc1-5246-4e12-bdeb-38a6efde620a','OFFER',0,4,1,0,0,2,1,0,'Dubai','United Arab Emirates',1,'2020-10-20 11:05:09','2020-10-21 05:26:58'),(389,'7fhax3OWAekLaVQnNjH1','4decf84c-3388-40c4-8983-fe8a35bb1b70','OFFER',0,0,0,0,1,0,0,0,'Dubai','United Arab Emirates',1,'2020-10-21 04:42:01','2020-10-21 05:25:56'),(390,'7fhax3OWAekLaVQnNjH1','072759d5-068e-4e5f-a52d-2b73a029568f','OFFER',0,0,0,0,1,0,0,0,'Dubai','United Arab Emirates',1,'2020-10-21 04:42:16','2020-10-21 05:25:57'),(391,'xMKsXj5SVM2ocPiJqaHk','4decf84c-3388-40c4-8983-fe8a35bb1b70','OFFER',0,0,0,0,1,0,0,0,'Dubai','United Arab Emirates',1,'2020-10-21 05:08:01','2020-10-21 05:23:34'),(392,'7fhax3OWAekLaVQnNjH1','1bad00ed-9d95-4f74-bb7d-a508d2f9f7ca','OFFER',0,0,0,0,0,0,0,0,'Dubai','United Arab Emirates',1,'2020-10-21 05:25:06','2020-10-21 05:25:32'),(393,'7fhax3OWAekLaVQnNjH1','237c2e32-86cf-4a43-a085-a6582ae75b45','OFFER',0,0,0,0,0,0,0,0,'Dubai','United Arab Emirates',1,'2020-10-21 05:25:08','2020-10-21 05:25:33'),(394,'7fhax3OWAekLaVQnNjH1','366e8771-0c11-4ff3-8ca9-fa78e14a7c57','OFFER',0,0,0,0,0,0,0,0,'Dubai','United Arab Emirates',1,'2020-10-21 05:25:09','2020-10-21 05:25:34');
/*!40000 ALTER TABLE `user_behaviour` ENABLE KEYS */;
UNLOCK TABLES;

--
-- Table structure for table `vendor_category`
--

DROP TABLE IF EXISTS `vendor_category`;
/*!40101 SET @saved_cs_client     = @@character_set_client */;
/*!40101 SET character_set_client = utf8 */;
CREATE TABLE `vendor_category` (
  `id` int(11) NOT NULL AUTO_INCREMENT,
  `vendor_id` tinyint(3) DEFAULT NULL,
  `category_name` varchar(200) NOT NULL,
  `subcategory` tinyint(4) DEFAULT '0',
  `category_mapping_id` int(11) NOT NULL,
  `status` tinyint(1) DEFAULT '1',
  `created_at` datetime DEFAULT CURRENT_TIMESTAMP,
  `updated_at` datetime DEFAULT CURRENT_TIMESTAMP ON UPDATE CURRENT_TIMESTAMP,
  PRIMARY KEY (`id`)
) ENGINE=InnoDB AUTO_INCREMENT=14 DEFAULT CHARSET=utf8;
/*!40101 SET character_set_client = @saved_cs_client */;

--
-- Dumping data for table `vendor_category`
--

LOCK TABLES `vendor_category` WRITE;
/*!40000 ALTER TABLE `vendor_category` DISABLE KEYS */;
INSERT INTO `vendor_category` VALUES (1,1,'Rakfoodie',0,5,1,'2020-10-29 08:17:14','2020-10-29 08:17:14'),(2,1,'Health',0,11,1,'2020-10-29 08:17:14','2020-10-29 08:17:14'),(3,1,'Jewellery',0,10,1,'2020-10-29 08:17:14','2020-10-29 08:17:14'),(4,1,'Travel',0,6,1,'2020-10-29 08:17:15','2020-10-29 08:17:15'),(5,1,'Shopping',0,10,1,'2020-10-29 08:17:15','2020-10-29 08:17:15'),(6,1,'Services',0,10,1,'2020-10-29 08:17:15','2020-10-29 08:17:15'),(7,1,'ALL_OFFERS',0,0,1,'2020-10-29 08:17:15','2020-10-29 08:17:15'),(8,1,'Getaways',0,7,1,'2020-10-29 08:59:05','2020-10-29 08:59:05'),(9,1,'Activity',0,6,1,'2020-10-29 08:59:05','2020-10-29 08:59:05'),(10,1,'Cinema',0,8,1,'2020-10-29 08:59:05','2020-10-29 08:59:05'),(11,1,'Online Streaming',0,8,1,'2020-10-29 08:59:06','2020-10-29 08:59:06'),(12,1,'Beauty Salons',0,12,1,'2020-10-29 08:59:06','2020-10-29 08:59:06'),(13,1,'Rejuvenation',0,12,1,'2020-10-29 08:59:06','2020-10-29 08:59:06');
/*!40000 ALTER TABLE `vendor_category` ENABLE KEYS */;
UNLOCK TABLES;
/*!40103 SET TIME_ZONE=@OLD_TIME_ZONE */;

/*!40101 SET SQL_MODE=@OLD_SQL_MODE */;
/*!40014 SET FOREIGN_KEY_CHECKS=@OLD_FOREIGN_KEY_CHECKS */;
/*!40014 SET UNIQUE_CHECKS=@OLD_UNIQUE_CHECKS */;
/*!40101 SET CHARACTER_SET_CLIENT=@OLD_CHARACTER_SET_CLIENT */;
/*!40101 SET CHARACTER_SET_RESULTS=@OLD_CHARACTER_SET_RESULTS */;
/*!40101 SET COLLATION_CONNECTION=@OLD_COLLATION_CONNECTION */;
/*!40111 SET SQL_NOTES=@OLD_SQL_NOTES */;

-- Dump completed on 2020-11-27 17:01:25
